name,upvotes,downvotes,year,order
Dior Homme Intense 2011 Dior (male) ~ 2011,761,429,2011,1
Terre d'Hermès Hermès (male) ~ 2006,749,423,2006,2
Aventus Creed (male) ~ 2010,723,416,2010,3
Fahrenheit Dior (male) ~ 1988,738,490,1988,4
La Nuit de l'Homme Yves Saint Laurent (male) ~ 2009,608,305,2009,5
Bleu de Chanel Eau de Parfum Chanel (male) ~ 2014,583,387,2014,6
Acqua di Gio Giorgio Armani (male) ~ 1996,475,312,1996,7
Eau Sauvage Dior (male) ~ 1966,410,227,1966,8
Encre Noire Lalique (male) ~ 2006,386,217,2006,9
Tobacco Vanille Tom Ford (unisex) ~ 2007,398,242,2007,10
Green Irish Tweed Creed (male) ~ 1985,339,152,1985,11
The One for Men Eau de Parfum Dolce&Gabbana (male) ~ 2015,338,165,2015,12
Le Male Jean Paul Gaultier (male) ~ 1995,395,287,1995,13
Dior Homme 2005 Dior (male) ~ 2005,325,168,2005,14
Egoiste Chanel (male) ~ 1990,295,129,1990,15
M7 Yves Saint Laurent (male) ~ 2002,289,122,2002,16
Sauvage Dior (male) ~ 2015,379,331,2015,17
Oud Wood Tom Ford (unisex) ~ 2007,270,127,2007,18
Vetiver Guerlain (male) ~ 2000,267,127,2000,19
Dior Homme Parfum Dior (male) ~ 2014,272,145,2014,20
L'Eau d'Issey Pour Homme Issey Miyake (male) ~ 1994,268,145,1994,21
Habit Rouge Eau de Toilette Guerlain (male) ~ 1965,276,163,1965,22
Allure Homme Sport Chanel (male) ~ 2004,269,153,2004,23
Antaeus Chanel (male) ~ 1981,254,133,1981,24
Spicebomb Viktor&Rolf (male) ~ 2012,293,212,2012,25
Gucci pour Homme (2003) Gucci (male) ~ 2003,219,95,2003,26
A*Men Pure Malt Mugler (male) ~ 2009,224,113,2009,27
Tuscan Leather Tom Ford (unisex) ~ 2007,229,125,2007,28
A*Men Pure Havane Mugler (male) ~ 2011,234,140,2011,29
The One for Men Dolce&Gabbana (male) ~ 2008,247,176,2008,30
Kouros Yves Saint Laurent (male) ~ 1981,241,169,1981,31
L'Instant de Guerlain pour Homme Guerlain (male) ~ 2004,189,70,2004,32
Grey Vetiver Tom Ford (male) ~ 2009,206,111,2009,33
A*Men Mugler (male) ~ 1996,234,170,1996,34
Acqua di Giò Profumo Giorgio Armani (male) ~ 2015,203,124,2015,35
Dior Homme Dior (male) ~ 2011,186,96,2011,36
Egoiste Platinum Chanel (male) ~ 1993,173,76,1993,37
London for Men Burberry (male) ~ 2006,191,116,2006,38
Cool Water Davidoff (male) ~ 1988,208,152,1988,39
Pour Monsieur Chanel (male) ~ 1955,164,75,1955,40
L'Homme Yves Saint Laurent (male) ~ 2006,171,92,2006,41
Eau Sauvage Parfum Dior (male) ~ 2012,179,111,2012,42
Jubilation XXV Man Amouage (male) ~ 2007,157,76,2007,43
Aramis Aramis (male) ~ 1966,173,110,1966,44
Noir Extreme Tom Ford (male) ~ 2015,167,99,2015,45
L'Instant de Guerlain pour Homme Eau Extreme Guerlain (male) ~ 2005,139,43,2005,46
Envy for Men Gucci (male) ~ 1998,144,54,1998,47
Allure Homme Edition Blanche Chanel (male) ~ 2008,151,70,2008,48
Bvlgari Man In Black Bvlgari (male) ~ 2014,159,86,2014,49
Declaration Cartier (male) ~ 1998,155,84,1998,50
Armani Code Giorgio Armani (male) ~ 2004,156,90,2004,51
Versace Pour Homme Versace (male) ~ 2008,164,107,2008,52
Pi Givenchy (male) ~ 1998,161,103,1998,53
Polo Ralph Lauren (male) ~ 1978,154,89,1978,54
02 L'Air du Desert Marocain Tauer Perfumes (unisex) ~ 2005,138,57,2005,55
Midnight in Paris Van Cleef & Arpels (male) ~ 2010,153,91,2010,56
Opium Pour Homme Yves Saint Laurent (male) ~ 1995,146,77,1995,57
Valentino Uomo Intense Valentino (male) ~ 2016,148,85,2016,58
Boss Bottled Hugo Boss (male) ~ 1998,154,104,1998,59
Valentino Uomo Valentino (male) ~ 2014,146,99,2014,60
Aqva Pour Homme Bvlgari (male) ~ 2005,144,98,2005,61
Drakkar Noir Guy Laroche (male) ~ 1982,144,103,1982,62
Dolce&Gabbana pour Homme (1994) Dolce&Gabbana (male) ~ 1994,138,93,1994,63
Mugler Cologne Mugler (unisex) ~ 2001,118,54,2001,64
L’Homme Ideal Guerlain (male) ~ 2014,125,68,2014,65
Azzaro pour Homme Azzaro (male) ~ 1978,117,58,1978,66
Interlude Man Amouage (male) ~ 2012,113,56,2012,67
Kenzo pour Homme Kenzo (male) ~ 1991,115,64,1991,68
Allure Homme Sport Eau Extreme Chanel (male) ~ 2012,116,66,2012,69
Gentleman (1974) Givenchy (male) ~ 1974,107,58,1974,70
Bel Ami Hermès (male) ~ 1986,105,57,1986,71
Rive Gauche pour Homme Yves Saint Laurent (male) ~ 2003,106,60,2003,72
Prada L'Homme Prada (male) ~ 2016,111,74,2016,73
Gucci Pour Homme II Gucci (male) ~ 2007,96,44,2007,74
Pour Un Homme de Caron Caron (male) ~ 1934,115,84,1934,75
Heritage Eau de Toilette Guerlain (male) ~ 1992,91,42,1992,76
Musc Ravageur Frederic Malle (unisex) ~ 2000,93,50,2000,77
Versace Man Eau Fraiche Versace (male) ~ 2006,92,48,2006,78
Jaipur Homme Boucheron (male) ~ 1998,97,59,1998,79
Zino Davidoff Davidoff (male) ~ 1986,97,61,1986,80
Aqva Amara Bvlgari (male) ~ 2014,101,70,2014,81
Reflection Man Amouage (male) ~ 2006,91,56,2006,82
Black Bvlgari (unisex) ~ 1998,88,50,1998,83
Acqua di Parma Colonia Acqua di Parma (unisex) ~ 1916,85,45,1916,84
Eros Versace (male) ~ 2012,130,137,2012,85
CH Men Carolina Herrera (male) ~ 2009,97,71,2009,86
Grey Flannel Geoffrey Beene (male) ~ 1975,101,81,1975,87
Individuel Montblanc (male) ~ 2003,93,67,2003,88
Bleu de Chanel Chanel (male) ~ 2010,89,60,2010,89
Old Spice Original Shulton Company (male) ~ 1938,118,120,1938,90
Habit Rouge Eau de Parfum Guerlain (male) ~ 1965,74,32,1965,91
Chergui Serge Lutens (unisex) ~ 2001,82,49,2001,92
Herod Parfums de Marly (male) ~ 2012,72,33,2012,93
Black Afgano Nasomatto (unisex),81,52,0,94
Voyage d'Hermes Parfum Hermès (unisex) ~ 2012,75,44,2012,95
Yatagan Caron (male) ~ 1978,75,45,1978,96
Ultra Male Jean Paul Gaultier (male) ~ 2015,101,100,2015,97
Millésime Impérial Creed (unisex) ~ 1995,82,67,1995,98
Obsession for Men Calvin Klein (male) ~ 1986,68,39,1986,99
1881 Men Cerruti (male) ~ 1990,71,47,1990,100
Prada Amber Pour Homme (Prada Man) Prada (male) ~ 2006,71,48,2006,101
Joop! Homme Joop! (male) ~ 1989,93,94,1989,102
Cacharel pour L'Homme Cacharel (male) ~ 1981,60,28,1981,103
Armani Code Profumo Giorgio Armani (male) ~ 2016,76,61,2016,104
Lolita Lempicka Au Masculin Lolita Lempicka (male) ~ 2000,65,39,2000,105
Terre d'Hermes Eau Tres Fraiche Hermès (male) ~ 2014,64,37,2014,106
Epic Man Amouage (male) ~ 2009,58,25,2009,107
Royal Oud Creed (unisex) ~ 2011,76,63,2011,108
Paco Rabanne Pour Homme Paco Rabanne (male) ~ 1973,62,35,1973,109
Comme des Garcons 2 Man Comme des Garcons (male) ~ 2004,60,32,2004,110
Allure Homme Chanel (male) ~ 1999,55,22,1999,111
Infusion d'Homme Prada (male) ~ 2008,70,53,2008,112
Dreamer The Original Edition Versace (male) ~ 1996,73,59,1996,113
Armani Eau Pour Homme (new) Giorgio Armani (male) ~ 2013,69,52,2013,114
Colonia Leather Eau de Cologne Concentrée Acqua di Parma (male) ~ 2014,65,46,2014,115
Narciso Rodriguez for Him Narciso Rodriguez (male) ~ 2007,67,50,2007,116
La Collection M7 Oud Absolu Yves Saint Laurent (male) ~ 2011,57,31,2011,117
Spicebomb Extreme Viktor&Rolf (male) ~ 2015,65,49,2015,118
Chrome Azzaro (male) ~ 1996,66,53,1996,119
Wonderwood Comme des Garcons (male) ~ 2010,57,36,2010,120
CH Men Prive Carolina Herrera (male) ~ 2015,76,76,2015,121
Eternity For Men Calvin Klein (male) ~ 1990,69,62,1990,122
Bentley for Men Intense Bentley (male) ~ 2013,59,42,2013,123
Guerlain Homme L'Eau Boisée Guerlain (male) ~ 2012,50,24,2012,124
Clinique Happy Clinique (male) ~ 1999,71,67,1999,125
Back to Black By Kilian (unisex) ~ 2009,64,53,2009,126
A*Men Pure Tonka Mugler (male) ~ 2016,56,38,2016,127
4711 Original Eau de Cologne 4711 (unisex),79,86,0,128
Silver Mountain Water Creed (unisex) ~ 1995,62,52,1995,129
Xeryus Rouge Givenchy (male) ~ 1995,52,32,1995,130
Opium Pour Homme Eau de Parfum Yves Saint Laurent (male) ~ 1995,44,16,1995,131
Guerlain Homme Guerlain (male) ~ 2008,45,19,2008,132
Voyage d'Hermes Hermès (unisex) ~ 2010,47,23,2010,133
Boss Number One Hugo Boss (male) ~ 1985,55,40,1985,134
Tobacco Oud Tom Ford (unisex) ~ 2013,65,61,2013,135
Black XS Paco Rabanne (male) ~ 2005,59,49,2005,136
Minotaure Paloma Picasso (male) ~ 1992,51,33,1992,137
Eau des Baux L'Occitane en Provence (male) ~ 2006,53,37,2006,138
Bois du Portugal Creed (male) ~ 1987,58,48,1987,139
Luna Rossa Prada (male) ~ 2012,64,60,2012,140
Club de Nuit Intense Man Armaf (male) ~ 2015,56,46,2015,141
Ambre Sultan Serge Lutens (unisex) ~ 1993,52,39,1993,142
Fleur du Mâle Jean Paul Gaultier (male) ~ 2007,52,40,2007,143
Dune Pour Homme Dior (male) ~ 1997,47,30,1997,144
1 Million Paco Rabanne (male) ~ 2008,112,162,2008,145
Jazz Yves Saint Laurent (male) ~ 1988,50,39,1988,146
Tuscany Per Uomo Aramis (male) ~ 1984,41,22,1984,147
Roma Uomo Laura Biagiotti (male) ~ 1992,49,39,1992,148
Insense Givenchy (male) ~ 1993,44,31,1993,149
Versace L'Homme Versace (male) ~ 1984,38,19,1984,150
French Lover Frederic Malle (male) ~ 2007,50,44,2007,151
Sculpture Homme Nikos (male) ~ 1995,47,38,1995,152
Fahrenheit Le Parfum Dior (male) ~ 2014,54,53,2014,153
Safari for Men Ralph Lauren (male) ~ 1992,38,21,1992,154
Knize Ten Knize (male) ~ 1920,40,26,1920,155
Dior Homme Cologne 2013 Dior (male) ~ 2013,36,18,2013,156
Body Kouros Yves Saint Laurent (male) ~ 2000,44,35,2000,157
Heritage Eau de Parfum Guerlain (male) ~ 1992,37,21,1992,158
Les Exclusifs de Chanel Sycomore Chanel (unisex) ~ 2008,39,25,2008,159
Neroli Portofino Tom Ford (unisex) ~ 2011,55,58,2011,160
Dior Homme Sport Dior (male) ~ 2008,50,48,2008,161
L'Instant de Guerlain pour Homme EDP Guerlain (male) ~ 2015,41,30,2015,162
Eau Sauvage Extreme Dior (male) ~ 1984,33,14,1984,163
Tsar Van Cleef & Arpels (male) ~ 1989,42,33,1989,164
Dolce&Gabbana Pour Homme (2012) Dolce&Gabbana (male) ~ 2012,41,31,2012,165
Boucheron Pour Homme Boucheron (male) ~ 1991,34,17,1991,166
Bottega Veneta Pour Homme Bottega Veneta (male) ~ 2013,39,28,2013,167
Armani Eau Pour Homme Giorgio Armani (male) ~ 1984,27,4,1984,168
Bel Ami Vetiver Hermès (male) ~ 2013,40,31,2013,169
He Wood DSQUARED² (male) ~ 2007,40,31,2007,170
Hugo Hugo Boss (male) ~ 1995,44,39,1995,171
Lyric Man Amouage (male) ~ 2008,37,26,2008,172
CK One Calvin Klein (unisex) ~ 1994,45,43,1994,173
By Dolce&Gabbana (male) ~ 1997,35,24,1997,174
Derby (Vintage) Guerlain (male) ~ 1985,32,18,1985,175
Lagerfeld Classic Karl Lagerfeld (male) ~ 1978,33,20,1978,176
212 Men Carolina Herrera (male) ~ 1999,33,20,1999,177
Virgin Island Water Creed (unisex) ~ 2007,46,47,2007,178
Equipage Hermès (male) ~ 1970,31,17,1970,179
Avant Garde Lanvin (male) ~ 2011,39,34,2011,180
Valentino Uomo Edition Noire Valentino (male) ~ 2015,33,22,2015,181
Aqva Pour Homme Marine Bvlgari (male) ~ 2008,47,51,2008,182
Timbuktu L'Artisan Parfumeur (unisex) ~ 2004,36,29,2004,183
Santos de Cartier Cartier (male) ~ 1981,31,19,1981,184
BLV Pour Homme Bvlgari (male) ~ 2001,33,23,2001,185
Arpege Pour Homme Lanvin (male) ~ 2005,41,40,2005,186
Sables Goutal (male) ~ 1985,34,26,1985,187
Encre Noire A L'Extreme Lalique (male) ~ 2015,29,16,2015,188
Legend Montblanc (male) ~ 2011,32,23,2011,189
Vetiver Extreme Guerlain (male) ~ 2007,24,7,2007,190
Hermessence Ambre Narguile Hermès (unisex) ~ 2004,37,34,2004,191
A*Men Ultra Zest Mugler (male) ~ 2015,30,20,2015,192
Versace Pour Homme Dylan Blue Versace (male) ~ 2016,42,44,2016,193
Brut Brut Parfums Prestige (male) ~ 1964,39,39,1964,194
Blenheim Bouquet Penhaligon's (male) ~ 1902,34,29,1902,195
Oscar de la Renta Pour Lui Oscar de la Renta (male) ~ 1980,28,17,1980,196
Acqua di Gio Essenza Giorgio Armani (male) ~ 2012,34,29,2012,197
Comme des Garcons Series 3 Incense: Avignon Comme des Garcons (unisex) ~ 2002,25,11,2002,198
Xeryus Givenchy (male) ~ 1986,25,12,1986,199
Rochas Man Rochas (male) ~ 1999,29,20,1999,200
Very Irresistible for men Givenchy (male) ~ 2005,23,8,2005,201
Blue Jeans Versace (male) ~ 1994,48,59,1994,202
1740 Marquis de Sade Histoires de Parfums (male) ~ 2000,35,33,2000,203
Van Cleef & Arpels pour Homme Van Cleef & Arpels (male) ~ 1978,30,23,1978,204
Lalique Pour Homme Equus Lalique (male) ~ 2001,28,19,2001,205
Herrera For Men Carolina Herrera (male) ~ 1991,29,22,1991,206
Good Life Davidoff (male) ~ 1998,34,33,1998,207
Quorum Antonio Puig (male) ~ 1981,37,39,1981,208
Derby Guerlain (male) ~ 2012,29,23,2012,209
Armani Attitude Giorgio Armani (male) ~ 2007,25,15,2007,210
Noir de Noir Tom Ford (unisex) ~ 2007,28,21,2007,211
Jules Dior (male) ~ 1980,21,8,1980,212
Lalique White Lalique (male) ~ 2008,18,2,2008,213
Layton Parfums de Marly (unisex) ~ 2016,25,17,2016,214
Bvlgari Man Bvlgari (male) ~ 2010,24,15,2010,215
Azzaro pour Homme Intense Azzaro (male) ~ 1992,24,15,1992,216
Halston Z14 Halston (male) ~ 1974,36,40,1974,217
Polo Red Intense Ralph Lauren (male) ~ 2015,28,24,2015,218
Bvlgari Pour Homme Bvlgari (male) ~ 1996,19,6,1996,219
Pardon Nasomatto (male) ~ 2011,36,41,2011,220
Giorgio for Men Giorgio Beverly Hills (male) ~ 1984,31,31,1984,221
Gucci Guilty Absolute Gucci (male) ~ 2017,27,23,2017,222
La Nuit de L'Homme Le Parfum Yves Saint Laurent (male) ~ 2010,24,17,2010,223
Black Aoud Montale (male) ~ 2006,34,38,2006,224
Himalaya Creed (male) ~ 2002,32,34,2002,225
Ambré Baldessarini (male) ~ 2007,27,24,2007,226
Cedrat Boise Mancera (unisex) ~ 2011,27,24,2011,227
Lauder for Men Estée Lauder (male) ~ 1985,25,20,1985,228
Tonka Imperiale Guerlain (unisex) ~ 2010,30,31,2010,229
Euphoria Men Intense Calvin Klein (male) ~ 2008,31,33,2008,230
Polo Black Ralph Lauren (male) ~ 2005,21,13,2005,231
Boss Bottled Intense Eau de Parfum Hugo Boss (male) ~ 2016,33,38,2016,232
Gentlemen Only Givenchy (male) ~ 2013,30,32,2013,233
Luna Rossa Carbon Prada (male) ~ 2017,25,22,2017,234
Noir Tom Ford (male) ~ 2012,26,24,2012,235
Gucci Rush for Men Gucci (male) ~ 2000,21,14,2000,236
Sartorial Penhaligon's (male) ~ 2010,22,16,2010,237
L’Homme Ideal Eau de Parfum Guerlain (male) ~ 2016,20,12,2016,238
Oud Ispahan Dior (unisex) ~ 2012,34,41,2012,239
Patou pour Homme Jean Patou (male) ~ 1980,23,19,1980,240
Uomo? Moschino (male) ~ 1998,27,27,1998,241
Un Jardin en Méditerranée Hermès (unisex) ~ 2003,28,29,2003,242
Nemo Cacharel (male) ~ 2000,24,21,2000,243
Burberry Brit for Men Burberry (male) ~ 2004,27,27,2004,244
Versace Pour Homme Oud Noir Versace (male) ~ 2013,25,23,2013,245
Vetiver (Vintage Edition) Guerlain (male) ~ 1959,17,7,1959,246
Tommy Tommy Hilfiger (male) ~ 1995,32,38,1995,247
Dior Homme Sport 2012 Dior (male) ~ 2012,27,28,2012,248
Guerlain Homme L'Eau Guerlain (male) ~ 2010,24,23,2010,249
Memoir Man Amouage (male) ~ 2010,22,19,2010,250
XS Paco Rabanne (male) ~ 1994,29,34,1994,251
L'Eau par Kenzo pour Homme Kenzo (male) ~ 1999,25,26,1999,252
Le 3e Homme de Caron Caron (male) ~ 1985,23,22,1985,253
Yves Saint Laurent Pour Homme Yves Saint Laurent (male) ~ 1971,13,2,1971,254
Eau D'Orange Verte 1979 Hermès (unisex) ~ 1979,13,2,1979,255
Aqua Fahrenheit Dior (male) ~ 2011,35,47,2011,256
Original Vetiver Creed (unisex) ~ 2004,31,39,2004,257
Narciso Rodriguez for Him Musk Narciso Rodriguez (male) ~ 2009,20,17,2009,258
Gucci Nobile Gucci (male) ~ 1988,17,11,1988,259
F by Ferragamo Black Salvatore Ferragamo (male) ~ 2009,22,21,2009,260
Gucci by Gucci Pour Homme Gucci (male) ~ 2008,34,46,2008,261
Lapidus Pour Homme Ted Lapidus (male) ~ 1987,30,38,1987,262
212 VIP Men Carolina Herrera (male) ~ 2011,21,20,2011,263
Balenciaga Pour Homme Balenciaga (male) ~ 1990,16,10,1990,264
Bogart Jacques Bogart (male) ~ 1975,17,12,1975,265
New York Nicolai Parfumeur Createur (male) ~ 1989,18,14,1989,266
Emporio Armani Lui Giorgio Armani (male) ~ 1998,17,12,1998,267
Bvlgari Pour Homme Soir Bvlgari (male) ~ 2006,13,4,2006,268
Versace Man Versace (male) ~ 2003,16,10,2003,269
Songe d'un Bois d'Ete Guerlain (unisex) ~ 2012,25,29,2012,270
Ambre Nuit Dior (unisex) ~ 2009,28,35,2009,271
Trussardi Uomo Trussardi (male) ~ 1983,26,31,1983,272
Escada Magnetism for Men Escada (male) ~ 2004,23,25,2004,273
Endymion Penhaligon's (male) ~ 2003,23,25,2003,274
HM Hanae Mori (male) ~ 1997,20,19,1997,275
Ho Hang Balenciaga (male) ~ 1972,18,15,1972,276
Opus 1870 Penhaligon's (male) ~ 2005,17,13,2005,277
Ultraviolet Paco Rabanne (male) ~ 2001,31,42,2001,278
KL Homme Karl Lagerfeld (male) ~ 1986,23,26,1986,279
Santal Majuscule Serge Lutens (unisex) ~ 2012,26,32,2012,280
Dunhill Edition Alfred Dunhill (male) ~ 1984,20,20,1984,281
Artisan John Varvatos (male) ~ 2009,22,24,2009,282
Air Intense Kenzo (male) ~ 2005,15,10,2005,283
Terre d'Hermes Parfum Hermès (male) ~ 2009,11,2,2009,284
Original Musk Kiehl's (unisex) ~ 2004,25,31,2004,285
Dia Man Amouage (male) ~ 2002,24,29,2002,286
Brut Faberge (male) ~ 1968,21,23,1968,287
BLV Notte Pour Homme Bvlgari (male) ~ 2004,17,15,2004,288
Acqua di Parma Blu Mediterraneo Arancia di Capri Acqua di Parma (unisex) ~ 1999,16,13,1999,289
Legend Intense Montblanc (male) ~ 2013,17,15,2013,290
Oud Satin Mood Maison Francis Kurkdjian (unisex) ~ 2015,15,11,2015,291
Dark Rebel John Varvatos (male) ~ 2015,11,3,2015,292
Power Kenzo (male) ~ 2008,21,24,2008,293
Sunshine Man Amouage (male) ~ 2015,24,30,2015,294
Polo Sport Ralph Lauren (male) ~ 1994,22,26,1994,295
Acqua di Parma Colonia Assoluta Acqua di Parma (unisex) ~ 2003,22,26,2003,296
Krizia Uomo Krizia (male) ~ 1984,17,16,1984,297
Chic For Men Carolina Herrera (male) ~ 2003,16,14,2003,298
Prada Amber Pour Homme Intense Prada (male) ~ 2011,15,12,2011,299
Spice and Wood Creed (unisex) ~ 2010,16,14,2010,300
Pour Monsieur Concentree Chanel (male) ~ 1989,10,2,1989,301
Nio Xerjoff (male) ~ 2009,26,35,2009,302
Gianfranco Ferre for Man Gianfranco Ferre (male) ~ 1986,21,25,1986,303
Aoud Leather Montale (unisex) ~ 2009,22,27,2009,304
Jazz Club Maison Martin Margiela (male) ~ 2013,17,17,2013,305
Fendi Uomo Fendi (male) ~ 1988,16,15,1988,306
Essential Lacoste Fragrances (male) ~ 2005,15,13,2005,307
Tobacco Oud Intense Tom Ford (unisex) ~ 2017,16,15,2017,308
Jules (2016) Dior (male) ~ 2016,13,9,2016,309
Gentlemen Only Intense Givenchy (male) ~ 2014,15,13,2014,310
Eau Parfumee au The Blanc Bvlgari (unisex) ~ 2003,17,18,2003,311
Nino Cerruti Pour Homme Cerruti (male) ~ 1979,15,14,1979,312
Escape for Men Calvin Klein (male) ~ 1993,17,18,1993,313
Enigma Pour Homme Roja Dove (male) ~ 2013,16,16,2013,314
La Collection Pour Homme Yves Saint Laurent (male) ~ 2011,14,12,2011,315
Montana Parfum d'Homme Montana (male) ~ 1989,15,14,1989,316
Polo Blue Ralph Lauren (male) ~ 2003,14,12,2003,317
Fahrenheit Absolute Dior (male) ~ 2009,13,10,2009,318
Dior Homme Intense 2007 Dior (male) ~ 2007,11,6,2007,319
Vintage John Varvatos (male) ~ 2006,10,4,2006,320
Sel Marin James Heeley (unisex),15,15,0,321
Straight to Heaven By Kilian (male) ~ 2007,11,7,2007,322
Air Kenzo (male) ~ 2003,9,3,2003,323
Bottega Veneta Pour Homme Parfum Bottega Veneta (male) ~ 2017,22,30,2017,324
Invictus Paco Rabanne (male) ~ 2013,51,88,2013,325
Must de Cartier Pour Homme Cartier (male) ~ 2000,18,22,2000,326
Balafre (Vintage) Lancôme (male) ~ 1967,15,16,1967,327
Pino Silvestre Original Pino Silvestre (male) ~ 1955,20,26,1955,328
Ténéré Paco Rabanne (male) ~ 1988,12,10,1988,329
Antidote Viktor&Rolf (male) ~ 2006,12,10,2006,330
Michael Kors for Men Michael Kors (male) ~ 2014,15,16,2014,331
Salvatore Ferragamo pour Homme Salvatore Ferragamo (male) ~ 1999,13,12,1999,332
Essenza di Colonia Acqua di Parma (male) ~ 2010,11,8,2010,333
Kouros Fraicheur Yves Saint Laurent (male) ~ 1993,9,4,1993,334
Indonesian Oud Eau de Toilette Ermenegildo Zegna (male) ~ 2012,20,27,2012,335
Le Male Essence de Parfum Jean Paul Gaultier (male) ~ 2016,14,15,2016,336
Vetiver Carven (male) ~ 1957,10,7,1957,337
Armani Privé Oud Royal Giorgio Armani (unisex) ~ 2010,9,5,2010,338
Fille en Aiguilles Serge Lutens (unisex) ~ 2009,10,7,2009,339
Luna Rossa Sport Prada (male) ~ 2015,9,5,2015,340
Les Absolus d'Orient Santal Royal Guerlain (unisex) ~ 2014,9,5,2014,341
Uomo Salvatore Ferragamo Salvatore Ferragamo (male) ~ 2016,20,28,2016,342
Au Coeur du Désert Tauer Perfumes (unisex) ~ 2016,17,22,2016,343
Fierce Abercrombie & Fitch (male) ~ 2002,20,28,2002,344
Javanese Patchouli Ermenegildo Zegna (male) ~ 2012,13,14,2012,345
Tom Ford for Men Tom Ford (male) ~ 2007,16,20,2007,346
Muscs Koublai Khan Serge Lutens (unisex) ~ 1998,14,16,1998,347
Marbert Man Marbert (male) ~ 1977,12,12,1977,348
Z Zegna Ermenegildo Zegna (male) ~ 2005,12,12,2005,349
Baldessarini Hugo Boss Baldessarini (male) ~ 2002,13,14,2002,350
Bois Marocain Tom Ford (unisex) ~ 2009,13,14,2009,351
Salvador Dali Pour Homme Salvador Dali (male) ~ 1987,9,6,1987,352
John Varvatos John Varvatos (male) ~ 2004,10,8,2004,353
Horizon Guy Laroche (male) ~ 1993,7,2,1993,354
Hypnôse Homme Lancôme (male) ~ 2007,9,6,2007,355
Dzongkha L'Artisan Parfumeur (unisex) ~ 2006,8,4,2006,356
La Collection Jazz Yves Saint Laurent (male) ~ 2011,13,15,2011,357
Vetiver Extraordinaire Frederic Malle (male) ~ 2002,11,11,2002,358
Loewe Pour Homme Loewe (male) ~ 1974,9,7,1974,359
Idole Lubin (male) ~ 2005,10,9,2005,360
Tea for Two L'Artisan Parfumeur (unisex) ~ 2000,8,5,2000,361
Colonia Oud Acqua di Parma (male) ~ 2012,7,3,2012,362
Kokorico Jean Paul Gaultier (male) ~ 2011,22,34,2011,363
Fahrenheit 32 Dior (male) ~ 2007,19,28,2007,364
Tres Nuit Armaf (male),14,18,0,365
Black Eau de Toilette Comme des Garcons (unisex) ~ 2013,11,12,2013,366
Invasion Barbare MDCI Parfums (male) ~ 2005,9,8,2005,367
Versus Uomo Versace (male) ~ 1991,8,6,1991,368
Costume National Homme CoSTUME NATIONAL (male) ~ 2009,7,4,2009,369
Eau de Rhubarbe Ecarlate Hermès (unisex) ~ 2016,7,4,2016,370
Guilty Pour Homme Gucci (male) ~ 2011,8,6,2011,371
Coromandel Eau de Parfum Chanel (unisex) ~ 2016,6,2,2016,372
Eau D'Hermes Hermès (unisex) ~ 1951,16,23,1951,373
Patou Pour Homme Prive Jean Patou (male) ~ 1994,10,11,1994,374
Havana Aramis (male) ~ 1994,8,7,1994,375
Ricci Club Nina Ricci (male) ~ 1989,7,5,1989,376
Light Blue Eau Intense Pour Homme Dolce&Gabbana (male) ~ 2017,10,11,2017,377
Givenchy pour Homme Blue Label Givenchy (male) ~ 2004,8,7,2004,378
Molecule 01 Escentric Molecules (unisex) ~ 2006,9,9,2006,379
Wonderoud Comme des Garcons (unisex) ~ 2014,6,3,2014,380
L'Eau Bleue d'Issey Pour Homme Issey Miyake (male) ~ 2004,5,1,2004,381
Bleecker Street Bond No 9 (unisex) ~ 2005,22,36,2005,382
Arso Profumum Roma (male) ~ 2010,17,26,2010,383
Royal Vintage M. Micallef (male) ~ 2013,13,18,2013,384
Eau de Gentiane Blanche Hermès (unisex) ~ 2009,13,18,2009,385
Miracle Homme Lancôme (male) ~ 2001,10,12,2001,386
Burberry Men Burberry (male) ~ 1995,10,12,1995,387
Green Water Pour Monsieur Jacques Fath (male) ~ 1947,7,6,1947,388
Allure Homme Edition Blanche Eau de Parfum Chanel (male) ~ 2014,12,16,2014,389
By the Fireplace Maison Martin Margiela (unisex) ~ 2015,8,8,2015,390
Dark Rebel Rider John Varvatos (male) ~ 2016,7,6,2016,391
Armani Eau de Cèdre Giorgio Armani (male) ~ 2015,7,6,2015,392
Soul CoSTUME NATIONAL (unisex) ~ 2015,7,6,2015,393
Mouchoir de Monsieur Guerlain (male) ~ 1904,6,4,1904,394
Aramis Devin Aramis (male) ~ 1977,6,4,1977,395
Lui Rochas Rochas (male) ~ 2003,6,4,2003,396
Rocabar Hermès (male) ~ 1998,6,4,1998,397
Bvlgari Extreme Bvlgari (male) ~ 1999,5,2,1999,398
Original Santal Creed (unisex) ~ 2005,27,47,2005,399
Life Essence Fendi (male) ~ 1996,17,27,1996,400
Noble Leather Yves Saint Laurent (unisex) ~ 2013,16,25,2013,401
Higher Dior (male) ~ 2001,15,23,2001,402
1270 Frapin (unisex) ~ 2010,14,21,2010,403
La Nuit de l'Homme Frozen Cologne Yves Saint Laurent (male) ~ 2012,16,25,2012,404
Eau de Vetyver Givenchy (male) ~ 1959,9,11,1959,405
Davidoff Leather Blend Davidoff (unisex) ~ 2014,12,17,2014,406
Marc Jacobs Men Marc Jacobs (male) ~ 2002,9,11,2002,407
Mechant Loup L'Artisan Parfumeur (unisex) ~ 1997,9,11,1997,408
A*Men Pure Wood Mugler (male) ~ 2014,10,13,2014,409
Acqua di Parma Blu Mediterraneo - Mandorlo di Sicilia Acqua di Parma (unisex) ~ 1999,8,9,1999,410
Carbone de Balmain Pierre Balmain (male) ~ 2010,8,9,2010,411
Polo Red Ralph Lauren (male) ~ 2013,8,9,2013,412
Gentlemen Only Absolute Givenchy (male) ~ 2016,9,11,2016,413
Spazio Krizia Uomo Krizia (male) ~ 1993,6,5,1993,414
Ombre Leather 16 Tom Ford (unisex) ~ 2016,6,5,2016,415
L'Homme Libre Yves Saint Laurent (male) ~ 2011,6,5,2011,416
Five O'Clock Au Gingembre Serge Lutens (unisex) ~ 2008,4,1,2008,417
24 Gold Oud Edition 24 (unisex) ~ 2014,5,3,2014,418
Gucci Pour Homme (1976) Gucci (male) ~ 1976,5,3,1976,419
Puredistance M No. 03 Puredistance (unisex) ~ 2010,4,1,2010,420
Jil Sander Man Jil Sander (male) ~ 2007,4,1,2007,421
Italian Bergamot Ermenegildo Zegna (male) ~ 2012,4,1,2012,422
Bang Bang Marc Jacobs (male) ~ 2011,4,1,2011,423
Sycomore Eau de Parfum Chanel (unisex) ~ 2016,4,1,2016,424
Ungaro pour L'Homme Emanuel Ungaro (male) ~ 1991,4,1,1991,425
The Beat for Men Burberry (male) ~ 2008,4,1,2008,426
Ungaro pour L'Homme II Emanuel Ungaro (male) ~ 1992,4,1,1992,427
Eau de Vétyver L'Occitane en Provence (male) ~ 2001,4,1,2001,428
Bois d'Ascese Naomi Goodsir (unisex) ~ 2012,16,26,2012,429
Bois Noir Chanel (male) ~ 1987,16,26,1987,430
Baccarat Rouge 540 Maison Francis Kurkdjian (unisex) ~ 2015,20,34,2015,431
Intense Oud Gucci (unisex) ~ 2016,17,28,2016,432
Bottega Veneta Pour Homme Extreme Bottega Veneta (male) ~ 2015,11,16,2015,433
Nautica Voyage Nautica (male) ~ 2006,16,26,2006,434
Iquitos Alain Delon (male) ~ 1987,11,16,1987,435
Kenzo Jungle Homme Kenzo (male) ~ 1998,12,18,1998,436
Luna Rossa Extreme Prada (male) ~ 2013,12,18,2013,437
Hommage à l'Homme Eau de Toilette Lalique (male) ~ 2012,8,10,2012,438
Colonia Mirra Acqua di Parma (male) ~ 2017,9,12,2017,439
Eucris Eau de Toilette Geo. F. Trumper (male) ~ 1912,6,6,1912,440
Heaven Chopard (male) ~ 1994,5,4,1994,441
Light Blue pour Homme Dolce&Gabbana (male) ~ 2007,13,20,2007,442
Cristobal pour Homme Balenciaga (male) ~ 2000,6,6,2000,443
Special 127 Floris (unisex) ~ 1890,6,6,1890,444
V pour Homme Valentino (male) ~ 2006,6,6,2006,445
Emporio Armani Night Giorgio Armani (male) ~ 2003,5,4,2003,446
Bat Zoologist Perfumes (unisex) ~ 2015,5,4,2015,447
Guerlain Homme Intense Guerlain (male) ~ 2009,4,2,2009,448
Tam Dao Eau de Toilette Diptyque (unisex) ~ 2003,3,0,2003,449
Ormonde Man Ormonde Jayne (male) ~ 2004,3,0,2004,450
Pierre Cardin Pour Monsieur Pierre Cardin (male) ~ 1972,4,2,1972,451
Un Jardin Sur Le Nil Hermès (unisex) ~ 2005,3,0,2005,452
Fuel for Life Homme Diesel (male) ~ 2007,3,0,2007,453
X For Men Clive Christian (male) ~ 2001,13,21,2001,454
C for Men Clive Christian (male) ~ 2010,10,15,2010,455
Pour Homme Ted Lapidus (male) ~ 1978,7,9,1978,456
Jacomo de Jacomo Jacomo (male) ~ 1980,9,13,1980,457
Touch for Men Burberry (male) ~ 2000,13,21,2000,458
Purple Label Ralph Lauren (male) ~ 2003,8,11,2003,459
Weekend for Men Burberry (male) ~ 1997,8,11,1997,460
L'Envol de Cartier Eau de Parfum Cartier (male) ~ 2016,9,13,2016,461
Serge Noire Serge Lutens (unisex) ~ 2008,7,9,2008,462
Liquid Gold Euphoria Men Calvin Klein (male) ~ 2014,8,11,2014,463
Laudano Nero Tiziana Terenzi (unisex) ~ 2014,6,7,2014,464
Moustache Eau de Toilette Concentree Rochas (male) ~ 1948,6,7,1948,465
Invigorating Boadicea the Victorious (unisex) ~ 2008,5,5,2008,466
Café Rose Tom Ford (unisex) ~ 2012,7,9,2012,467
Emporio Armani Stronger With You Giorgio Armani (male) ~ 2017,8,11,2017,468
Santos Concentrée Cartier (male) ~ 1982,5,5,1982,469
Monsieur Frederic Malle (male) ~ 2015,6,7,2015,470
La Nuit de L'Homme L'Intense Yves Saint Laurent (male) ~ 2015,6,7,2015,471
Enrico Coveri Pour Homme Enrico Coveri (male) ~ 1984,5,5,1984,472
Apple Brandy By Kilian (unisex) ~ 2013,5,5,2013,473
Gold Man Amouage (male) ~ 1983,4,3,1983,474
Absolue Pour le Soir Maison Francis Kurkdjian (unisex) ~ 2010,4,3,2010,475
Eau d'Ikar Sisley (male) ~ 2011,3,1,2011,476
Escada Casual Friday Escada (male) ~ 1999,3,1,1999,477
Halloween Man Halloween (male) ~ 2012,3,1,2012,478
Lacoste Lacoste Fragrances (male) ~ 1984,13,22,1984,479
Captain Eau de Toilette (1975) Molyneux (male) ~ 1975,9,14,1975,480
Duro Nasomatto (male),11,18,0,481
1 Million Privé Paco Rabanne (male) ~ 2016,12,20,2016,482
Monsieur Balmain Pierre Balmain (male) ~ 1990,5,6,1990,483
Kinski Kinski (male) ~ 2011,4,4,2011,484
Cedre Serge Lutens (unisex) ~ 2005,5,6,2005,485
Tom Ford for Men Extreme Tom Ford (male) ~ 2007,5,6,2007,486
Amber Absolute Tom Ford (unisex) ~ 2007,4,4,2007,487
1899 Hemingway Histoires de Parfums (unisex) ~ 2013,3,2,2013,488
Kenzo Homme Boisee Kenzo (male) ~ 2010,3,2,2010,489
Fat Electrician Semi-Modern Vetiver Etat Libre d'Orange (male) ~ 2009,3,2,2009,490
Allure Homme Sport Cologne Chanel (male) ~ 2007,3,2,2007,491
Ungaro pour L'Homme III Emanuel Ungaro (male) ~ 1993,3,2,1993,492
Vetiver Etro (unisex) ~ 1989,13,23,1989,493
Lumiere Noire Pour Homme Maison Francis Kurkdjian (male) ~ 2009,15,27,2009,494
Silver Black Azzaro (male) ~ 2005,10,17,2005,495
Only The Brave Diesel (male) ~ 2009,15,27,2009,496
Danger Pour Homme Roja Dove (male) ~ 2011,7,11,2011,497
Godolphin Parfums de Marly (male) ~ 2010,7,11,2010,498
Oud Minérale Tom Ford (unisex) ~ 2017,8,13,2017,499
Altamir Ted Lapidus (male) ~ 2007,6,9,2007,500
Acqua di parma Blue Mediterraneo - Mirto di Panarea Acqua di Parma (unisex) ~ 2008,6,9,2008,501
Lothair Penhaligon's (unisex) ~ 2014,5,7,2014,502
English Leather English Leather (male) ~ 1949,5,7,1949,503
Psychedelique Jovoy Paris (unisex) ~ 2011,5,7,2011,504
Italian Leather Memo Paris (unisex) ~ 2013,5,7,2013,505
Moschino Pour Homme Moschino (male) ~ 1990,4,5,1990,506
Cuba Gold Cuba Paris (male),4,5,0,507
21 CoSTUME NATIONAL (unisex) ~ 2007,4,5,2007,508
Patchouli Lorenzo Villoresi (unisex) ~ 1996,5,7,1996,509
Eau Parfumee au The Rouge Bvlgari (unisex) ~ 2006,4,5,2006,510
Strictly Private Baldessarini (male) ~ 2009,4,5,2009,511
Tabacco Toscano Santa Maria Novella (unisex) ~ 2008,4,5,2008,512
212 Sexy Men Carolina Herrera (male) ~ 2006,5,7,2006,513
Jil Sander Man III Jil Sander (male) ~ 1991,3,3,1991,514
Single Malt By Kilian (unisex) ~ 2015,4,5,2015,515
Roaring Radcliff Penhaligon's (male) ~ 2016,2,1,2016,516
Le Roy Soleil Homme Salvador Dali (male) ~ 1998,2,1,1998,517
Mr. Burberry Burberry (male) ~ 2016,3,3,2016,518
Sandalwood Cologne Geo. F. Trumper (male),3,3,0,519
D&G Anthology La Force 11 Dolce&Gabbana (male) ~ 2009,2,1,2009,520
Eau Sauvage Cologne Dior (male) ~ 2015,3,3,2015,521
King of Seduction Absolute Antonio Banderas (male) ~ 2015,2,1,2015,522
Declaration d'Un Soir Cartier (male) ~ 2012,2,1,2012,523
Armani Mania Giorgio Armani (male) ~ 2002,2,1,2002,524
Incense Oud By Kilian (unisex) ~ 2011,3,3,2011,525
Givenchy pour Homme Givenchy (male) ~ 2002,3,3,2002,526
Loewe 7 Natural Loewe (male) ~ 2012,2,1,2012,527
Mr. Blass Bill Blass (male) ~ 2009,2,1,2009,528
Blackpepper Comme des Garcons (unisex) ~ 2016,2,1,2016,529
CK One Shock For Him Calvin Klein (male) ~ 2011,2,1,2011,530
Bain de Champagne (Royal Bain de Caron) Caron (unisex) ~ 1923,2,1,1923,531
Encens Flamboyant Goutal (unisex) ~ 2007,2,1,2007,532
Chene Serge Lutens (unisex) ~ 2004,2,1,2004,533
L'Eau d'Issey Pour Homme Intense Issey Miyake (male) ~ 2007,2,1,2007,534
Déclaration Bois Bleu Cartier (male) ~ 2001,2,1,2001,535
Pasha de Cartier Edition Prestige Acier Cartier (male) ~ 1992,2,1,1992,536
Pasha Cartier Cartier (male) ~ 1992,2,1,1992,537
Baraonda Nasomatto (unisex) ~ 2016,16,30,2016,538
Norne Slumberhouse (unisex) ~ 2012,11,20,2012,539
Eau du Sud Goutal (unisex) ~ 1996,9,16,1996,540
Eau Noire Dior (unisex) ~ 2004,9,16,2004,541
Baccarat Rouge 540 Extrait de Parfum Maison Francis Kurkdjian (unisex) ~ 2017,9,16,2017,542
Bentley For Men Absolute Bentley (male) ~ 2014,10,18,2014,543
One Man Show Ruby Edition Jacques Bogart (male) ~ 2013,7,12,2013,544
Beyond Paradise For Men Estée Lauder (male) ~ 2004,8,14,2004,545
Aoud Lime Montale (unisex) ~ 2005,5,8,2005,546
Arabian Nights Eau de Parfum Jesus Del Pozo (male) ~ 2010,5,8,2010,547
Aqua Bergamota Zara Home (unisex) ~ 2016,3,4,2016,548
Upper Ten Lubin (male) ~ 2015,4,6,2015,549
Tumulte pour Homme Christian Lacroix (male) ~ 2005,3,4,2005,550
Havana Reserva Aramis (male) ~ 1996,5,8,1996,551
Fan di Fendi Pour Homme Assoluto Fendi (male) ~ 2014,5,8,2014,552
Kobe Xerjoff (male) ~ 2009,3,4,2009,553
Potion DSQUARED² (male) ~ 2011,4,6,2011,554
English Fern Penhaligon's (unisex) ~ 1890,4,6,1890,555
Private Label Jovoy Paris (unisex) ~ 2011,3,4,2011,556
Visit For Men Azzaro (male) ~ 2003,3,4,2003,557
Cuir Patchouli Elie Saab (unisex) ~ 2016,2,2,2016,558
Fars Xerjoff (unisex) ~ 2012,2,2,2012,559
Vintage Tabarome Creed (male) ~ 1875,2,2,1875,560
Boss Spirit Hugo Boss (male) ~ 1989,2,2,1989,561
Comme une Evidence Homme Yves Rocher (male) ~ 2008,2,2,2008,562
Spicebomb Eau Fraiche Viktor&Rolf (male) ~ 2014,2,2,2014,563
Pour un Homme Millesime 2014 Caron (male) ~ 2014,2,2,2014,564
Bruno Banani Man Bruno Banani (male) ~ 2000,1,0,2000,565
Sexual Pour Homme Michel Germain (male) ~ 1997,1,0,1997,566
Cuir Mona di Orio (unisex) ~ 2010,10,19,2010,567
Cuiron pour Homme Helmut Lang (male) ~ 2002,11,21,2002,568
Invictus Aqua Paco Rabanne (male) ~ 2016,19,37,2016,569
Potion Royal Black DSQUARED² (male) ~ 2013,7,13,2013,570
Elysium Pour Homme Parfum Cologne Roja Dove (male) ~ 2017,6,11,2017,571
Presence Montblanc (male) ~ 2001,7,13,2001,572
DK Men Unleaded Donna Karan (male) ~ 1995,6,11,1995,573
Giorgio Beverly Hills for Men V.I.P. Special Reserve Giorgio Beverly Hills (male) ~ 1987,4,7,1987,574
Absolutely Sublime Zara Home (unisex) ~ 2016,3,5,2016,575
XJ 1861 Naxos Xerjoff (unisex) ~ 2015,3,5,2015,576
Patchouli Leaves Montale (unisex) ~ 2006,5,9,2006,577
I WIDIAN (unisex) ~ 2014,3,5,2014,578
Baptême du Feu Serge Lutens (unisex) ~ 2016,3,5,2016,579
Erolfa Creed (male) ~ 1992,5,9,1992,580
Mercedes Benz Intense Mercedes-Benz (male) ~ 2013,3,5,2013,581
Encens et Lavande Serge Lutens (unisex) ~ 1996,3,5,1996,582
Macassar Rochas (male) ~ 1980,3,5,1980,583
Rhinoceros Zoologist Perfumes (unisex) ~ 2014,2,3,2014,584
Oud Saphir Atelier Cologne (unisex) ~ 2015,2,3,2015,585
Original Cologne (Pure White Cologne) Creed (unisex) ~ 2011,3,5,2011,586
Sublime Vanille Creed (unisex) ~ 2009,3,5,2009,587
D&G Masculine Dolce&Gabbana (male) ~ 1999,2,3,1999,588
Cologne Blanche Dior (unisex) ~ 2004,1,1,2004,589
Vetiver Fatal Atelier Cologne (unisex) ~ 2012,1,1,2012,590
Oud Touch Franck Olivier (male) ~ 2014,1,1,2014,591
Liquidnight A Lab on Fire (unisex) ~ 2012,1,1,2012,592
Ginseng NRG Jovan (male) ~ 1998,1,1,1998,593
Very Sexy for Him Victoria's Secret (male) ~ 2001,1,1,2001,594
Bohemian Spice April Aromatics (unisex) ~ 2011,1,1,2011,595
Patchouli Nobile Nobile 1942 (male) ~ 2009,1,1,2009,596
Marlborough Cologne D.R.Harris (male),1,1,0,597
Vibrant Leather Zara (male) ~ 2016,1,1,2016,598
Comme Des Garcons Series 4 Cologne : Vettiveru Comme des Garcons (unisex) ~ 2002,1,1,2002,599
Hermessence Osmanthe Yunnan Hermès (unisex) ~ 2005,1,1,2005,600
Roberto Cavalli Uomo Roberto Cavalli (male) ~ 2016,1,1,2016,601
La Yuqawam Homme Rasasi (male) ~ 2012,1,1,2012,602
Ferrari Black Ferrari (male) ~ 1999,1,1,1999,603
Pal Zileri Pal Zileri (male) ~ 2002,1,1,2002,604
Hoggar Yves Rocher (male) ~ 2005,1,1,2005,605
Le Male Terrible Jean Paul Gaultier (male) ~ 2010,1,1,2010,606
Burning Barbershop DS&Durga (male) ~ 2010,1,1,2010,607
Patchouli 24 Le Labo (unisex) ~ 2006,1,1,2006,608
Royall Bay Rhum Royall Lyme Bermuda (male) ~ 1962,1,1,1962,609
English Laundry Signature for him English Laundry (male) ~ 2010,1,1,2010,610
Promenade a Versailles Pour Lui Parfums du Château de Versailles (male) ~ 2014,1,1,2014,611
Florentine Iris Ermenegildo Zegna (male) ~ 2012,1,1,2012,612
Iris 39 Le Labo (unisex) ~ 2006,1,1,2006,613
Calum Calum Best (male) ~ 2006,1,1,2006,614
Herrera for Men Sensual Vetiver Carolina Herrera (male) ~ 2002,1,1,2002,615
Herrera for Men Refreshing Ginger Carolina Herrera (male) ~ 2002,1,1,2002,616
03 Lonestar Memories Tauer Perfumes (unisex) ~ 2006,1,1,2006,617
Gris Clair Serge Lutens (unisex) ~ 2006,1,1,2006,618
L'orpheline Serge Lutens (unisex) ~ 2014,1,1,2014,619
Je Suis un Homme Etat Libre d'Orange (male) ~ 2006,1,1,2006,620
Fougere Royale (2010) Houbigant (male) ~ 2010,1,1,2010,621
Vetiver Bourbon Miller Harris (male),1,1,0,622
Homme Carven (male) ~ 1999,1,1,1999,623
What About Adam Joop! (male) ~ 1992,1,1,1992,624
Pulp Byredo (unisex) ~ 2008,1,1,2008,625
Universe pour Homme Iceberg (male) ~ 1997,1,1,1997,626
Lacoste Pour Homme Lacoste Fragrances (male) ~ 2002,12,24,2002,627
Pegasus Parfums de Marly (male) ~ 2011,15,30,2011,628
Calvin Calvin Klein (male) ~ 1981,10,20,1981,629
Hugo Dark Blue Hugo Boss (male) ~ 1999,15,30,1999,630
Vetiver Creed (male) ~ 1948,12,24,1948,631
Yohji Homme 1999 Yohji Yamamoto (male) ~ 1999,6,12,1999,632
Soul Of The Forest Maison Martin Margiela (unisex) ~ 2016,5,10,2016,633
Jil Sander Man I (Man Pure) Jil Sander (male) ~ 1981,6,12,1981,634
Ginepro Nero L'Erbolario (male) ~ 2016,4,8,2016,635
Hot Water Davidoff (male) ~ 2009,6,12,2009,636
Eau Sacree James Heeley (unisex) ~ 2016,4,8,2016,637
Nepal Aoud Montale (unisex) ~ 2014,4,8,2014,638
Amber Star Xerjoff (unisex) ~ 2013,3,6,2013,639
Flame of Gold Orlov Paris (unisex) ~ 2015,3,6,2015,640
Aristoqrati Moresque (unisex) ~ 2015,3,6,2015,641
NeroUno Montegrappa (male) ~ 2012,3,6,2012,642
Starwalker Montblanc (male) ~ 2005,4,8,2005,643
Palais Jamais Etro (unisex) ~ 1989,3,6,1989,644
Canoe Dana (male) ~ 1936,3,6,1936,645
Silver Man Amouage (male) ~ 2002,3,6,2002,646
GF Ferre Lui-Him Gianfranco Ferre (male) ~ 2004,2,4,2004,647
Aventure Galimard (male),2,4,0,648
Rogue Man Rihanna (male) ~ 2014,1,2,2014,649
Brit Rhythm for Him Intense Burberry (male) ~ 2015,1,2,2015,650
Nabucco Parfum Fin Nabucco (male) ~ 1997,1,2,1997,651
Full Incense Montale (unisex) ~ 2010,1,2,2010,652
Essence Oud Ferrari (male) ~ 2012,1,2,2012,653
No 88 Cologne Czech & Speake (male) ~ 1980,1,2,1980,654
Fan di Fendi pour Homme Fendi (male) ~ 2012,1,2,2012,655
Eau de Mandarine Ambrée Hermès (unisex) ~ 2013,1,2,2013,656
Gary SpongeBob Squarepants (unisex),21,43,0,657
Eternity Aqua for Men Calvin Klein (male) ~ 2010,14,29,2010,658
Faconnable Façonnable (male) ~ 1994,9,19,1994,659
Musc Impérial Atelier Cologne (unisex) ~ 2015,10,21,2015,660
Furyo Jacques Bogart (male) ~ 1988,8,17,1988,661
Bogart Pour Homme Jacques Bogart (male) ~ 2004,7,15,2004,662
Lacoste Essential Sport Lacoste Fragrances (male) ~ 2009,5,11,2009,663
Emporio Armani Diamonds for Men Giorgio Armani (male) ~ 2008,7,15,2008,664
Yohji Yamamoto Pour Homme Yohji Yamamoto (male) ~ 2004,4,9,2004,665
Intuition for Men Estée Lauder (male) ~ 2003,6,13,2003,666
Anima Dulcis Arquiste (unisex) ~ 2012,4,9,2012,667
Ambra Aurea Profumum Roma (unisex) ~ 2000,3,7,2000,668
Calling All Angels April Aromatics (unisex) ~ 2013,3,7,2013,669
Oud 27 Le Labo (unisex) ~ 2009,4,9,2009,670
Escada Moon Sparkle pour Homme Escada (male) ~ 2007,3,7,2007,671
Noir Anthracite Tom Ford (male) ~ 2017,4,9,2017,672
Mefisto Xerjoff (male) ~ 2009,3,7,2009,673
CK be Calvin Klein (unisex) ~ 1996,6,13,1996,674
Aoud Cuir d’Arabie Montale (male) ~ 2006,3,7,2006,675
Dunhill Fresh Alfred Dunhill (male) ~ 2005,3,7,2005,676
Oscar for Men Oscar de la Renta (male) ~ 1999,4,9,1999,677
Luna Rossa Eau Sport Prada (male) ~ 2016,2,5,2016,678
Cuir Eau de Parfum Molinard (unisex) ~ 2015,2,5,2015,679
Eau de Cologne du Coq Guerlain (male) ~ 1894,2,5,1894,680
Kiton Men Kiton (male) ~ 1996,2,5,1996,681
Globe Rochas (male) ~ 1990,2,5,1990,682
Amyris Homme Maison Francis Kurkdjian (male) ~ 2012,2,5,2012,683
Secretions Magnifiques Etat Libre d'Orange (unisex) ~ 2006,2,5,2006,684
Bvlgari Man Extreme Bvlgari (male) ~ 2013,1,3,2013,685
Land Of Warriors The Vagabond Prince (male) ~ 2014,13,28,2014,686
L'Eau d'Issey Pour Homme Noir Ambre Issey Miyake (male) ~ 2016,8,18,2016,687
Original Denim (male),11,24,0,688
L’Ile Pourpre Les Liquides Imaginaires (unisex) ~ 2016,7,16,2016,689
Un Homme Charles Jourdan (male) ~ 1980,7,16,1980,690
1872 For Men Clive Christian (male) ~ 2001,11,24,2001,691
Across Sands Maison Martin Margiela (unisex) ~ 2016,6,14,2016,692
Bergamask Orto Parisi (unisex) ~ 2014,5,12,2014,693
Animale Animale for Men Animale (male) ~ 1994,5,12,1994,694
Ambre Tabac Daniel Josier (male),3,8,0,695
69 Christopher Dicas (unisex) ~ 2012,3,8,2012,696
Strictly Jil Sander Jil Sander (male) ~ 2015,3,8,2015,697
Fullchoke Francesco Smalto (male) ~ 2004,3,8,2004,698
Rockford Atkinsons (male) ~ 1985,3,8,1985,699
Eau du Fier Goutal (male) ~ 2000,2,6,2000,700
Zegna Intenso Limited Edition Ermenegildo Zegna (male) ~ 2008,2,6,2008,701
Artisan Black John Varvatos (male) ~ 2010,4,10,2010,702
Acqua di Parma Blu Mediterraneo - Cipresso di Toscana Acqua di Parma (unisex) ~ 2005,3,8,2005,703
Hammam Bouquet Penhaligon's (male) ~ 1872,2,6,1872,704
M Generation Mauboussin (male) ~ 2010,1,4,2010,705
Comme des Garcons Series 3 Incense: Ouarzazate Comme des Garcons (unisex) ~ 2002,1,4,2002,706
Craving Phuong Dang (unisex) ~ 2016,1,4,2016,707
Curve for Men Liz Claiborne (male) ~ 1996,2,6,1996,708
Or Black 2014 Pascal Morabito (male) ~ 2014,1,4,2014,709
Hugo Extreme Hugo Boss (male) ~ 2016,2,6,2016,710
Mystery Oud Daniel Josier (unisex),1,4,0,711
Black Rain Renier Perfumes (unisex) ~ 2016,1,4,2016,712
Kaleidoscope Daniel Josier (unisex) ~ 2017,1,4,2017,713
Divin'Enfant Etat Libre d'Orange (unisex) ~ 2006,1,4,2006,714
Black Jeans Versace (male) ~ 1997,0,2,1997,715
Collezione Privata Viaggio d'Africa Pal Zileri (male) ~ 2010,0,2,2010,716
Voleur de Roses L'Artisan Parfumeur (unisex) ~ 1993,11,25,1993,717
Lumière Blanche Olfactive Studio (unisex) ~ 2012,8,19,2012,718
Kenzo Homme Night Kenzo (male) ~ 2014,8,19,2014,719
Polo Crest Ralph Lauren (male) ~ 1991,7,17,1991,720
Sandalo Etro (unisex) ~ 1989,5,13,1989,721
Viking Creed (male) ~ 2017,10,23,2017,722
Agar Musk Ramon Monegal (unisex) ~ 2009,2,7,2009,723
Douro Penhaligon's (male) ~ 2004,3,9,2004,724
Scalo Porto Cervo Man Eau de Parfum Acqua di Sardegna (male) ~ 2014,1,5,2014,725
Musc Bruno Acampora (unisex) ~ 2012,1,5,2012,726
Cruiser Turbo Faberlic (male) ~ 2003,1,5,2003,727
Sail Acqua di Portofino (unisex) ~ 2012,1,5,2012,728
James Bond 007 Eon Productions (male) ~ 2012,2,7,2012,729
Presence Cool Montblanc (male) ~ 2002,2,7,2002,730
Colonia Russa Santa Maria Novella (male) ~ 1913,1,5,1913,731
Eclat d'Arpege Pour Homme Lanvin (male) ~ 2015,1,5,2015,732
Tous Man Intense Tous (male) ~ 2013,1,5,2013,733
Chrome Pure Azzaro (male) ~ 2017,1,5,2017,734
I Love New York for Marriage Equality Bond No 9 (unisex) ~ 2012,1,5,2012,735
Epices L.T. Piver (male),1,5,0,736
My Land Trussardi (male) ~ 2012,1,5,2012,737
Mr. Burberry Eau de Parfum Burberry (male) ~ 2017,1,5,2017,738
Tobacco Collection Rich Warm Addictive Zara (male) ~ 2016,11,26,2016,739
La Cologne Fleur du Male Jean Paul Gaultier (male) ~ 2008,11,26,2008,740
Sandalwood Crabtree & Evelyn (male) ~ 1976,5,14,1976,741
Truth For Men Calvin Klein (male) ~ 2002,8,20,2002,742
Royall Lyme Royall Lyme Bermuda (male) ~ 1957,3,10,1957,743
Style in Play Lacoste Fragrances (male) ~ 2004,4,12,2004,744
Established Cognac 66 Krigler (male) ~ 1966,3,10,1966,745
CK2 Calvin Klein (unisex) ~ 2016,6,16,2016,746
Turtle Vetiver Les Nez (male),2,8,0,747
1 Million Cologne Paco Rabanne (male) ~ 2015,6,16,2015,748
Sunset Heat for Men Escada (male) ~ 2007,3,10,2007,749
Flowers for men: Gardenia Neil Morris (male),1,6,0,750
1445 Castle Forbes (male),1,6,0,751
Panama Panama 1924 (male) ~ 1924,1,6,1924,752
Avon Essence Avon (male),1,6,0,753
Riflesso Trussardi (male) ~ 2017,1,6,2017,754
Sculpture Homme God's Night Nikos (male) ~ 2016,6,17,2016,755
Givenchy Play Intense Givenchy (male) ~ 2008,12,29,2008,756
24 Gold 24 (unisex) ~ 2010,10,25,2010,757
Silver Shadow Davidoff (male) ~ 2005,9,23,2005,758
Bottega Veneta Pour Homme Essence Aromatique Bottega Veneta (male) ~ 2016,5,15,2016,759
Open Roger & Gallet (male) ~ 1985,8,21,1985,760
Mystery Tobacco Carolina Herrera (unisex) ~ 2016,6,17,2016,761
Arden Men Sandalwood Elizabeth Arden (male) ~ 1956,5,15,1956,762
Ambra Etro (unisex) ~ 1989,4,13,1989,763
Man Calvin Klein (male) ~ 2007,8,21,2007,764
Ferre for Men Gianfranco Ferre (male) ~ 2006,3,11,2006,765
Teakwood Bath & Body Works (male) ~ 2017,1,7,2017,766
Montecristo Masque Milano (male) ~ 2013,1,7,2013,767
Romanza Masque Milano (unisex) ~ 2015,1,7,2015,768
La Fumee Miller Harris (unisex) ~ 2011,1,7,2011,769
Fougère Nobile Nobile 1942 (unisex) ~ 2015,9,24,2015,770
Oud Wood Intense Tom Ford (unisex) ~ 2017,13,32,2017,771
Cooper Square Bond No 9 (unisex) ~ 2010,7,20,2010,772
Comandante Xerjoff (unisex) ~ 2012,4,14,2012,773
Terre de Sarment Frapin (unisex) ~ 2007,5,16,2007,774
English Oak & Hazelnut Jo Malone London (unisex) ~ 2017,3,12,2017,775
Ambre Noble Zara (male) ~ 2016,3,12,2016,776
Grand Soiree Keiko Mecheri (unisex) ~ 2015,1,8,2015,777
Alt-Innsbruck Eau de Cologne Alt-Innsbruck (male) ~ 1953,1,8,1953,778
Nautica Blue Nautica (male) ~ 2005,1,8,2005,779
Adrenaline Enrique Iglesias (male) ~ 2014,1,8,2014,780
Soft Al-Rehab (unisex),1,8,0,781
MOLéCULE 234.38 ZARKOPERFUME (unisex) ~ 2013,1,8,2013,782
Chai Musk Bombay Perfumery (unisex) ~ 2016,0,6,2016,783
Aspen For Men Coty (male) ~ 1989,14,35,1989,784
Jeke Slumberhouse (male) ~ 2008,5,17,2008,785
Dignified House Of Sillage (male) ~ 2015,6,19,2015,786
Black Diamond Canali (male) ~ 2007,5,17,2007,787
Silver Al-Rehab (unisex),8,23,0,788
Hard Leather Laurent Mazzone Parfums (male) ~ 2014,3,13,2014,789
Instinct David Beckham (male) ~ 2005,4,15,2005,790
Venetian Bergamot Tom Ford (unisex) ~ 2015,2,11,2015,791
Burberry London Special Edition for Men Burberry (male) ~ 2008,3,14,2008,792
Jil Sander Man II Jil Sander (male) ~ 1982,2,12,1982,793
Oxford & Cambridge Cologne Czech & Speake (unisex) ~ 1994,1,10,1994,794
Jimmy Choo Man Jimmy Choo (male) ~ 2014,5,18,2014,795
Musk for Men Avon (male) ~ 1980,2,12,1980,796
360° Red for Men Perry Ellis (male) ~ 2003,11,31,2003,797
Solo Loewe Loewe (male) ~ 2004,7,23,2004,798
Nikos Nikos (male) ~ 2004,6,21,2004,799
Black Walnut Banana Republic (male) ~ 2006,4,17,2006,800
Crave Calvin Klein (male) ~ 2002,7,23,2002,801
New York Amber Bond No 9 (unisex) ~ 2011,6,21,2011,802
Epicea Creed (male) ~ 1965,2,13,1965,803
Vert d'Encens Tom Ford (unisex) ~ 2016,3,15,2016,804
1 Million Absolutely Gold Paco Rabanne (male) ~ 2012,8,25,2012,805
Zombie for Him Demeter Fragrance (male) ~ 2013,0,9,2013,806
Pontevecchio Nobile 1942 (male) ~ 2005,6,22,2005,807
Fortis Les Liquides Imaginaires (unisex) ~ 2011,5,20,2011,808
Perry Ellis for Men Original (1985) Perry Ellis (male) ~ 1985,5,20,1985,809
No. 1 Clive Christian (male) ~ 2001,7,24,2001,810
New Haarlem Bond No 9 (unisex) ~ 2003,7,24,2003,811
Zara Man N 18º 34' 54'' O -68º 24' 15'' Zara (male) ~ 2015,1,12,2015,812
Jacomo for Men Jacomo (male) ~ 2007,8,27,2007,813
Icon Elite Alfred Dunhill (male) ~ 2016,6,23,2016,814
J'ose Eisenberg (male) ~ 2001,2,15,2001,815
Grass Gap (unisex) ~ 1994,2,15,1994,816
Just Me for Men Paris Hilton (male) ~ 2006,3,17,2006,817
1 Million $ Paco Rabanne (male) ~ 2014,7,25,2014,818
Salome Papillon Artisan Perfumes (unisex) ~ 2015,4,20,2015,819
Cuir Majeste Giorgio Armani (unisex) ~ 2016,3,18,2016,820
Joop! Homme Extreme Joop! (male) ~ 2014,3,18,2014,821
Samourai Alain Delon (male) ~ 1995,7,27,1995,822
Black Violet Tom Ford (unisex) ~ 2007,9,31,2007,823
Field Notes From Paris Ineke (unisex) ~ 2009,2,17,2009,824
Tzora Anat Fritz (unisex) ~ 2012,2,17,2012,825
Solid Arabian Oud (male),2,17,0,826
Cool All Good Scents (male) ~ 2014,1,15,2014,827
Malbec O Boticário (male) ~ 2004,5,24,2004,828
Anat Fritz Classical Anat Fritz (unisex) ~ 2013,2,18,2013,829
1 Million Intense Paco Rabanne (male) ~ 2013,8,30,2013,830
Al-Khat Xerjoff (unisex) ~ 2012,8,31,2012,831
Eau de Gaga Lady Gaga (unisex) ~ 2014,13,41,2014,832
Oro 1920 Bois 1920 (unisex) ~ 2013,3,21,2013,833
Brut Oceans Brut Parfums Prestige (male) ~ 2007,3,21,2007,834
Davidoff Cool Water Man Coral Reef Edition Davidoff (male) ~ 2014,3,21,2014,835
United Dreams Men Aim High Benetton (male) ~ 2015,2,20,2015,836
The Orchid Man Frapin (unisex) ~ 2015,6,29,2015,837
Andy Warhol Silver Factory Bond No 9 (unisex) ~ 2007,7,32,2007,838
Alessandro Dell' Acqua Man Alessandro Dell' Acqua (male) ~ 2003,2,22,2003,839
Choco Musk Al-Rehab (unisex),2,22,0,840
