name,link,upvotes,downvotes,year,order
Le Male Elixir Jean Paul Gaultier (male) ~ 2023,https://www.fragrantica.com/perfume/Jean-Paul-Gaultier/Le-Male-Elixir-81642.html,4652,2505,2023,1
Gentleman Eau de Parfum Reserve Privée Givenchy (male) ~ 2022,https://www.fragrantica.com/perfume/Givenchy/Gentleman-Eau-de-Parfum-Reserve-Privee-71272.html,3744,1721,2022,2
Le Beau Le Parfum Jean Paul Gaultier (male) ~ 2022,https://www.fragrantica.com/perfume/Jean-Paul-Gaultier/Le-Beau-Le-Parfum-72158.html,2866,1762,2022,3
Terre d'Hermes Eau Givree Hermès (male) ~ 2022,https://www.fragrantica.com/perfume/Hermes/Terre-d-Hermes-Eau-Givree-72439.html,2649,1572,2022,4
The Most Wanted Parfum Azzaro (male) ~ 2022,https://www.fragrantica.com/perfume/Azzaro/The-Most-Wanted-Parfum-73664.html,2478,1367,2022,5
Acqua di Giò Parfum Giorgio Armani (male) ~ 2023,https://www.fragrantica.com/perfume/Giorgio-Armani/Acqua-di-Gio-Parfum-81508.html,2312,1434,2023,6
Noir Extreme Parfum Tom Ford (male) ~ 2022,https://www.fragrantica.com/perfume/Tom-Ford/Noir-Extreme-Parfum-75489.html,2182,1273,2022,7
Valentino Uomo Born In Roma Intense Valentino (male) ~ 2023,https://www.fragrantica.com/perfume/Valentino/Valentino-Uomo-Born-In-Roma-Intense-78740.html,1887,1011,2023,8
Khamrah Lattafa Perfumes (unisex) ~ 2022,https://www.fragrantica.com/perfume/Lattafa-Perfumes/Khamrah-75805.html,2092,1513,2022,9
Angels' Share Anniversary Edition By Kilian (unisex) ~ 2022,https://www.fragrantica.com/perfume/By-Kilian/Angels-Share-Anniversary-Edition-77132.html,1568,637,2022,10
Armani Code Parfum Giorgio Armani (male) ~ 2022,https://www.fragrantica.com/perfume/Giorgio-Armani/Armani-Code-Parfum-75126.html,1786,1131,2022,11
Dior Homme Sport 2021 Dior (male) ~ 2022,https://www.fragrantica.com/perfume/Dior/Dior-Homme-Sport-2021-71326.html,1818,1265,2022,12
Althaïr Parfums de Marly (male) ~ 2023,https://www.fragrantica.com/perfume/Parfums-de-Marly/Althair-84109.html,1650,1123,2023,13
Y Eau de Parfum Intense Yves Saint Laurent (male) ~ 2023,https://www.fragrantica.com/perfume/Yves-Saint-Laurent/Y-Eau-de-Parfum-Intense-79243.html,1572,1048,2023,14
Gris Charnel Extrait BDK Parfums (unisex) ~ 2022,https://www.fragrantica.com/perfume/BDK-Parfums/Gris-Charnel-Extrait-73645.html,1371,882,2022,15
Dior Homme Cologne 2022 Dior (male) ~ 2022,https://www.fragrantica.com/perfume/Dior/Dior-Homme-Cologne-2022-72062.html,1174,777,2022,16
Boss Bottled Elixir Hugo Boss (male) ~ 2023,https://www.fragrantica.com/perfume/Hugo-Boss/Boss-Bottled-Elixir-84074.html,1122,786,2023,17
L’Homme Idéal Platine Privé Guerlain (male) ~ 2023,https://www.fragrantica.com/perfume/Guerlain/L-Homme-Ideal-Platine-Prive-80691.html,988,656,2023,18
Invictus Victory Elixir Paco Rabanne (male) ~ 2023,https://www.fragrantica.com/perfume/Paco-Rabanne/Invictus-Victory-Elixir-78575.html,1051,805,2023,19
Luna Rossa Ocean Eau de Parfum Prada (male) ~ 2023,https://www.fragrantica.com/perfume/Prada/Luna-Rossa-Ocean-Eau-de-Parfum-81280.html,1036,789,2023,20
Club de Nuit Intense Man Parfum Armaf (male) ~ 2022,https://www.fragrantica.com/perfume/Armaf/Club-de-Nuit-Intense-Man-Parfum-72842.html,1291,1302,2022,21
Kenzo Homme Eau de Parfum Kenzo (male) ~ 2022,https://www.fragrantica.com/perfume/Kenzo/Kenzo-Homme-Eau-de-Parfum-73225.html,914,619,2022,22
Opus XIV – Royal Tobacco Amouage (unisex) ~ 2022,https://www.fragrantica.com/perfume/Amouage/Opus-XIV-Royal-Tobacco-75064.html,967,801,2022,23
Tonka Cola Mancera (unisex) ~ 2022,https://www.fragrantica.com/perfume/Mancera/Tonka-Cola-76893.html,920,794,2022,24
Scandal Pour Homme Le Parfum Jean Paul Gaultier (male) ~ 2022,https://www.fragrantica.com/perfume/Jean-Paul-Gaultier/Scandal-Pour-Homme-Le-Parfum-74915.html,865,710,2022,25
Habit Rouge Rouge Privé Guerlain (male) ~ 2023,https://www.fragrantica.com/perfume/Guerlain/Habit-Rouge-Rouge-Prive-80690.html,797,630,2023,26
Red Tobacco Intense Mancera (unisex) ~ 2023,https://www.fragrantica.com/perfume/Mancera/Red-Tobacco-Intense-84246.html,943,948,2023,27
Acqua di Giò Eau de Parfum Giorgio Armani (male) ~ 2022,https://www.fragrantica.com/perfume/Giorgio-Armani/Acqua-di-Gio-Eau-de-Parfum-71606.html,819,776,2022,28
Spicebomb Infrared Eau de Parfum Viktor&Rolf (male) ~ 2023,https://www.fragrantica.com/perfume/Viktor-Rolf/Spicebomb-Infrared-Eau-de-Parfum-81409.html,780,699,2023,29
H24 Eau de Parfum Hermès (male) ~ 2022,https://www.fragrantica.com/perfume/Hermes/H24-Eau-de-Parfum-75811.html,774,728,2022,30
Valentino Uomo Born In Roma Coral Fantasy Valentino (male) ~ 2022,https://www.fragrantica.com/perfume/Valentino/Valentino-Uomo-Born-In-Roma-Coral-Fantasy-71761.html,684,602,2022,31
Nexin Tauer Perfumes (unisex) ~ 2023,https://www.fragrantica.com/perfume/Tauer-Perfumes/Nexin-87366.html,434,139,2023,32
1 Million Elixir Paco Rabanne (male) ~ 2022,https://www.fragrantica.com/perfume/Paco-Rabanne/1-Million-Elixir-71708.html,807,913,2022,33
Light Blue pour Homme Italian Love Dolce&Gabbana (male) ~ 2022,https://www.fragrantica.com/perfume/Dolce-Gabbana/Light-Blue-pour-Homme-Italian-Love-72622.html,640,590,2022,34
Gentleman Society Givenchy (male) ~ 2023,https://www.fragrantica.com/perfume/Givenchy/Gentleman-Society-78639.html,699,745,2023,35
Narciso Rodriguez for Him Bleu Noir Parfum Narciso Rodriguez (male) ~ 2022,https://www.fragrantica.com/perfume/Narciso-Rodriguez/Narciso-Rodriguez-for-Him-Bleu-Noir-Parfum-71783.html,504,409,2022,36
Grey Vetiver Parfum Tom Ford (male) ~ 2023,https://www.fragrantica.com/perfume/Tom-Ford/Grey-Vetiver-Parfum-79965.html,573,554,2023,37
MYSLF Yves Saint Laurent (male) ~ 2023,https://www.fragrantica.com/perfume/Yves-Saint-Laurent/MYSLF-84094.html,772,958,2023,38
Tobacco Honey Guerlain (unisex) ~ 2023,https://www.fragrantica.com/perfume/Guerlain/Tobacco-Honey-84518.html,494,414,2023,39
Hacivat X Nishane (unisex) ~ 2023,https://www.fragrantica.com/perfume/Nishane/Hacivat-X-80462.html,530,573,2023,40
Paragon Initio Parfums Prives (unisex) ~ 2022,https://www.fragrantica.com/perfume/Initio-Parfums-Prives/Paragon-76580.html,531,581,2022,41
Elysium Pour Homme Eau Intense Roja Dove (male) ~ 2023,https://www.fragrantica.com/perfume/Roja-Dove/Elysium-Pour-Homme-Eau-Intense-81839.html,488,504,2023,42
Smoking Hot By Kilian (unisex) ~ 2023,https://www.fragrantica.com/perfume/By-Kilian/Smoking-Hot-84413.html,447,429,2023,43
Guilty Elixir de Parfum pour Homme Gucci (male) ~ 2023,https://www.fragrantica.com/perfume/Gucci/Guilty-Elixir-de-Parfum-pour-Homme-84547.html,507,563,2023,44
Trompette 8 Filippo Sorcinelli (unisex) ~ 2023,https://www.fragrantica.com/perfume/Filippo-Sorcinelli/Trompette-8-80003.html,259,67,2023,45
Pacific Chill Louis Vuitton (unisex) ~ 2023,https://www.fragrantica.com/perfume/Louis-Vuitton/Pacific-Chill-81423.html,418,462,2023,46
Bad Boy Cobalt Parfum Electrique Carolina Herrera (male) ~ 2022,https://www.fragrantica.com/perfume/Carolina-Herrera/Bad-Boy-Cobalt-Parfum-Electrique-71888.html,395,428,2022,47
Hero Eau de Parfum Burberry (male) ~ 2022,https://www.fragrantica.com/perfume/Burberry/Hero-Eau-de-Parfum-75182.html,446,538,2022,48
Ambassador Intense Gisada (male) ~ 2022,https://www.fragrantica.com/perfume/Gisada/Ambassador-Intense-76636.html,374,401,2022,49
Costa Azzurra Parfum Tom Ford (unisex) ~ 2022,https://www.fragrantica.com/perfume/Tom-Ford/Costa-Azzurra-Parfum-71511.html,327,313,2022,50
Boss The Scent For Him Magnetic Hugo Boss (male) ~ 2022,https://www.fragrantica.com/perfume/Hugo-Boss/Boss-The-Scent-For-Him-Magnetic-78424.html,405,474,2022,51
Ganymede Extrait Marc-Antoine Barrois (unisex) ~ 2023,https://www.fragrantica.com/perfume/Marc-Antoine-Barrois/Ganymede-Extrait-79632.html,405,475,2023,52
Emporio Armani Stronger With You Amber Giorgio Armani (unisex) ~ 2023,https://www.fragrantica.com/perfume/Giorgio-Armani/Emporio-Armani-Stronger-With-You-Amber-79699.html,372,417,2023,53
Sunrise On The Red Sand Dunes Zara (male) ~ 2023,https://www.fragrantica.com/perfume/Zara/Sunrise-On-The-Red-Sand-Dunes-79102.html,405,498,2023,54
Absolu Aventus Creed (male) ~ 2023,https://www.fragrantica.com/perfume/Creed/Absolu-Aventus-84112.html,533,755,2023,55
Torino22 Xerjoff (unisex) ~ 2022,https://www.fragrantica.com/perfume/Xerjoff/Torino22-77059.html,365,422,2022,56
Oud Maracujá Maison Crivelli (unisex) ~ 2023,https://www.fragrantica.com/perfume/Maison-Crivelli/Oud-Maracuja-83842.html,292,277,2023,57
Ambre Nuit New Look Limited Edition Dior (unisex) ~ 2022,https://www.fragrantica.com/perfume/Dior/Ambre-Nuit-New-Look-Limited-Edition-71824.html,306,314,2022,58
1 Million Royal Paco Rabanne (male) ~ 2023,https://www.fragrantica.com/perfume/Paco-Rabanne/1-Million-Royal-79159.html,430,565,2023,59
Emporio Armani Stronger With You Oud Giorgio Armani (male) ~ 2022,https://www.fragrantica.com/perfume/Giorgio-Armani/Emporio-Armani-Stronger-With-You-Oud-76171.html,256,256,2022,60
Y Eau de Toilette Yves Saint Laurent (male) ~ 2022,https://www.fragrantica.com/perfume/Yves-Saint-Laurent/Y-Eau-de-Toilette-73440.html,185,114,2022,61
Bad Boy Extreme Carolina Herrera (male) ~ 2022,https://www.fragrantica.com/perfume/Carolina-Herrera/Bad-Boy-Extreme-78562.html,306,363,2022,62
Golestan Tauer Perfumes (unisex) ~ 2022,https://www.fragrantica.com/perfume/Tauer-Perfumes/Golestan-77252.html,193,137,2022,63
Cherry Smoke Tom Ford (unisex) ~ 2022,https://www.fragrantica.com/perfume/Tom-Ford/Cherry-Smoke-78578.html,317,386,2022,64
Myrrhe Mystère Tom Ford (unisex) ~ 2023,https://www.fragrantica.com/perfume/Tom-Ford/Myrrhe-Mystere-83981.html,266,286,2023,65
L'Homme Eau de Parfum Yves Saint Laurent (male) ~ 2022,https://www.fragrantica.com/perfume/Yves-Saint-Laurent/L-Homme-Eau-de-Parfum-72727.html,165,88,2022,66
Cologne Officinale James Heeley (unisex) ~ 2023,https://www.fragrantica.com/perfume/James-Heeley/Cologne-Officinale-81896.html,170,101,2023,67
Armani Code Eau de Toilette Giorgio Armani (male) ~ 2023,https://www.fragrantica.com/perfume/Giorgio-Armani/Armani-Code-Eau-de-Toilette-79263.html,228,217,2023,68
Polo Blue Parfum Ralph Lauren (male) ~ 2022,https://www.fragrantica.com/perfume/Ralph-Lauren/Polo-Blue-Parfum-73299.html,257,281,2022,69
Hard Candy Aaron Terence Hughes (unisex) ~ 2022,https://www.fragrantica.com/perfume/Aaron-Terence-Hughes/Hard-Candy-75905.html,251,269,2022,70
Explorer Platinum Montblanc (male) ~ 2023,https://www.fragrantica.com/perfume/Montblanc/Explorer-Platinum-81392.html,308,387,2023,71
Sand Desert At Sunset Zara (male) ~ 2023,https://www.fragrantica.com/perfume/Zara/Sand-Desert-At-Sunset-79100.html,269,320,2023,72
Ani X Nishane (unisex) ~ 2023,https://www.fragrantica.com/perfume/Nishane/Ani-X-80464.html,245,274,2023,73
Vibrato Sospiro Perfumes (unisex) ~ 2022,https://www.fragrantica.com/perfume/Sospiro-Perfumes/Vibrato-75930.html,249,284,2022,74
Azzaro Chrome Parfum Azzaro (male) ~ 2023,https://www.fragrantica.com/perfume/Azzaro/Azzaro-Chrome-Parfum-79268.html,213,217,2023,75
Babycat Yves Saint Laurent (unisex) ~ 2022,https://www.fragrantica.com/perfume/Yves-Saint-Laurent/Babycat-73149.html,134,70,2022,76
Lascia Ch'io Pianga Filippo Sorcinelli (unisex) ~ 2022,https://www.fragrantica.com/perfume/Filippo-Sorcinelli/Lascia-Ch-io-Pianga-76577.html,155,120,2022,77
Light Blue Pour Homme Summer Vibes Dolce&Gabbana (male) ~ 2023,https://www.fragrantica.com/perfume/Dolce-Gabbana/Light-Blue-Pour-Homme-Summer-Vibes-80377.html,274,359,2023,78
Invictus Platinum Paco Rabanne (male) ~ 2022,https://www.fragrantica.com/perfume/Paco-Rabanne/Invictus-Platinum-72557.html,214,248,2022,79
Bvlgari Man Rain Essence Bvlgari (male) ~ 2023,https://www.fragrantica.com/perfume/Bvlgari/Bvlgari-Man-Rain-Essence-79335.html,233,295,2023,80
Eternal Oud Lattafa Perfumes (unisex) ~ 2022,https://www.fragrantica.com/perfume/Lattafa-Perfumes/Eternal-Oud-78155.html,209,247,2022,81
The Tux Maison Alhambra (unisex) ~ 2022,https://www.fragrantica.com/perfume/Maison-Alhambra/The-Tux-78559.html,203,239,2022,82
Hard Candy Elixir Aaron Terence Hughes (unisex) ~ 2023,https://www.fragrantica.com/perfume/Aaron-Terence-Hughes/Hard-Candy-Elixir-83712.html,167,168,2023,83
Jean Lowe Immortal Maison Alhambra (male) ~ 2023,https://www.fragrantica.com/perfume/Maison-Alhambra/Jean-Lowe-Immortal-83666.html,203,246,2023,84
Club De Nuit Sillage Perfume Oil Armaf (unisex) ~ 2022,https://www.fragrantica.com/perfume/Armaf/Club-De-Nuit-Sillage-Perfume-Oil-88212.html,218,278,2022,85
Encre Indigo Lalique (male) ~ 2023,https://www.fragrantica.com/perfume/Lalique/Encre-Indigo-87291.html,181,207,2023,86
HÆC DIES Filippo Sorcinelli (unisex) ~ 2023,https://www.fragrantica.com/perfume/Filippo-Sorcinelli/HAEC-DIES-80049.html,130,116,2023,87
Kenzo Homme Marine Kenzo (male) ~ 2023,https://www.fragrantica.com/perfume/Kenzo/Kenzo-Homme-Marine-80042.html,178,213,2023,88
Fakhar Black Lattafa Perfumes (male) ~ 2022,https://www.fragrantica.com/perfume/Lattafa-Perfumes/Fakhar-Black-70465.html,187,236,2022,89
Boss Bottled Parfum Hugo Boss (male) ~ 2022,https://www.fragrantica.com/perfume/Hugo-Boss/Boss-Bottled-Parfum-75183.html,182,230,2022,90
Wulong Cha X Nishane (unisex) ~ 2023,https://www.fragrantica.com/perfume/Nishane/Wulong-Cha-X-80465.html,193,252,2023,91
Dolcissimo Sollievo Filippo Sorcinelli (unisex) ~ 2022,https://www.fragrantica.com/perfume/Filippo-Sorcinelli/Dolcissimo-Sollievo-74665.html,107,80,2022,92
Sycomore Parfum Chanel (unisex) ~ 2022,https://www.fragrantica.com/perfume/Chanel/Sycomore-Parfum-75821.html,147,169,2022,93
L’Eau d’Issey pour Homme Vetiver Issey Miyake (male) ~ 2023,https://www.fragrantica.com/perfume/Issey-Miyake/L-Eau-d-Issey-pour-Homme-Vetiver-79233.html,137,150,2023,94
Boss The Scent Le Parfum for Him Le Parfum Hugo Boss (male) ~ 2022,https://www.fragrantica.com/perfume/Hugo-Boss/Boss-The-Scent-Le-Parfum-for-Him-Le-Parfum-71500.html,173,226,2022,95
Isola Blu Roja Dove (unisex) ~ 2023,https://www.fragrantica.com/perfume/Roja-Dove/Isola-Blu-80177.html,171,222,2023,96
Né Il Giorno Né L'Ora Filippo Sorcinelli (unisex) ~ 2023,https://www.fragrantica.com/perfume/Filippo-Sorcinelli/Ne-Il-Giorno-Ne-L-Ora-88034.html,112,107,2023,97
God of Fire Stéphane Humbert Lucas 777 (unisex) ~ 2022,https://www.fragrantica.com/perfume/Stephane-Humbert-Lucas-777/God-of-Fire-72381.html,164,211,2022,98
Search Amouage (unisex) ~ 2023,https://www.fragrantica.com/perfume/Amouage/Search-78655.html,150,190,2023,99
Encelade Marc-Antoine Barrois (unisex) ~ 2022,https://www.fragrantica.com/perfume/Marc-Antoine-Barrois/Encelade-74121.html,143,176,2022,100
Luce Dei Cuori Filippo Sorcinelli (unisex) ~ 2022,https://www.fragrantica.com/perfume/Filippo-Sorcinelli/Luce-Dei-Cuori-74664.html,93,79,2022,101
Under the Stars Maison Martin Margiela (unisex) ~ 2023,https://www.fragrantica.com/perfume/Maison-Martin-Margiela/Under-the-Stars-83774.html,178,253,2023,102
Kenzo Homme Eau de Toilette Kenzo (male) ~ 2022,https://www.fragrantica.com/perfume/Kenzo/Kenzo-Homme-Eau-de-Toilette-71687.html,76,52,2022,103
Polo Red Parfum Ralph Lauren (male) ~ 2023,https://www.fragrantica.com/perfume/Ralph-Lauren/Polo-Red-Parfum-79161.html,165,232,2023,104
Gris Dior New Look Limited Edition Dior (unisex) ~ 2022,https://www.fragrantica.com/perfume/Dior/Gris-Dior-New-Look-Limited-Edition-71823.html,117,144,2022,105
Black Phantom Memento Mori Anniversary Edition By Kilian (unisex) ~ 2022,https://www.fragrantica.com/perfume/By-Kilian/Black-Phantom-Memento-Mori-Anniversary-Edition-77058.html,113,136,2022,106
Coach Green Coach (male) ~ 2023,https://www.fragrantica.com/perfume/Coach/Coach-Green-81391.html,137,186,2023,107
Écrin de Fumée Serge Lutens (unisex) ~ 2023,https://www.fragrantica.com/perfume/Serge-Lutens/Ecrin-de-Fumee-79576.html,108,129,2023,108
Club de Nuit Blue Iconic Armaf (male) ~ 2022,https://www.fragrantica.com/perfume/Armaf/Club-de-Nuit-Blue-Iconic-78475.html,128,175,2022,109
Jubilation 40 Man Amouage (male) ~ 2023,https://www.fragrantica.com/perfume/Amouage/Jubilation-40-Man-87958.html,74,68,2023,110
Gucci Guilty Pour Homme Parfum Gucci (male) ~ 2022,https://www.fragrantica.com/perfume/Gucci/Gucci-Guilty-Pour-Homme-Parfum-71378.html,110,142,2022,111
Cuir d'Eden David Jourquin (unisex) ~ 2022,https://www.fragrantica.com/perfume/David-Jourquin/Cuir-d-Eden-74861.html,77,76,2022,112
Club De Nuit Urban Elixir Armaf (male) ~ 2022,https://www.fragrantica.com/perfume/Armaf/Club-De-Nuit-Urban-Elixir-77860.html,143,211,2022,113
Followed Kerosene (unisex) ~ 2022,https://www.fragrantica.com/perfume/Kerosene/Followed-75977.html,129,185,2022,114
Blonde Amber Clive Christian (unisex) ~ 2022,https://www.fragrantica.com/perfume/Clive-Christian/Blonde-Amber-73595.html,128,184,2022,115
Pasha de Cartier Noir Absolu Cartier (male) ~ 2023,https://www.fragrantica.com/perfume/Cartier/Pasha-de-Cartier-Noir-Absolu-82328.html,116,162,2023,116
Purpose Amouage (unisex) ~ 2023,https://www.fragrantica.com/perfume/Amouage/Purpose-78657.html,113,158,2023,117
Ralph's Club Elixir Ralph Lauren (male) ~ 2023,https://www.fragrantica.com/perfume/Ralph-Lauren/Ralph-s-Club-Elixir-84032.html,86,104,2023,118
Valentino Uomo Born In Roma Rockstud Noir Valentino (male) ~ 2023,https://www.fragrantica.com/perfume/Valentino/Valentino-Uomo-Born-In-Roma-Rockstud-Noir-84445.html,64,62,2023,119
Oud Ispahan New Look Limited Edition Dior (unisex) ~ 2022,https://www.fragrantica.com/perfume/Dior/Oud-Ispahan-New-Look-Limited-Edition-71825.html,114,164,2022,120
Boss Bottled Pacific Hugo Boss (male) ~ 2023,https://www.fragrantica.com/perfume/Hugo-Boss/Boss-Bottled-Pacific-79762.html,99,135,2023,121
9am Dive Afnan (unisex) ~ 2022,https://www.fragrantica.com/perfume/Afnan/9am-Dive-78611.html,108,156,2022,122
Van Py Rhum Lorenzo Pazzaglia (unisex) ~ 2022,https://www.fragrantica.com/perfume/Lorenzo-Pazzaglia/Van-Py-Rhum-74243.html,62,64,2022,123
Khamrah Qahwa Lattafa Perfumes (unisex) ~ 2023,https://www.fragrantica.com/perfume/Lattafa-Perfumes/Khamrah-Qahwa-88175.html,100,144,2023,124
Signature Leather Tabac Zaharoff (male) ~ 2023,https://www.fragrantica.com/perfume/Zaharoff/Signature-Leather-Tabac-82685.html,123,193,2023,125
Phantom Parfum Paco Rabanne (male) ~ 2023,https://www.fragrantica.com/perfume/Paco-Rabanne/Phantom-Parfum-81927.html,152,251,2023,126
CH Pasión for Him Carolina Herrera (male) ~ 2023,https://www.fragrantica.com/perfume/Carolina-Herrera/CH-Pasion-for-Him-78641.html,93,137,2023,127
Club de Nuit Untold Armaf (unisex) ~ 2022,https://www.fragrantica.com/perfume/Armaf/Club-de-Nuit-Untold-78476.html,91,135,2022,128
Emporio Armani Stronger With You Only Giorgio Armani (male) ~ 2022,https://www.fragrantica.com/perfume/Giorgio-Armani/Emporio-Armani-Stronger-With-You-Only-71505.html,103,161,2022,129
Fan Your Flames X Nishane (unisex) ~ 2023,https://www.fragrantica.com/perfume/Nishane/Fan-Your-Flames-X-80466.html,77,109,2023,130
Summer Hammer Lorenzo Pazzaglia (unisex) ~ 2023,https://www.fragrantica.com/perfume/Lorenzo-Pazzaglia/Summer-Hammer-81476.html,47,49,2023,131
Opus XV – King Blue Amouage (unisex) ~ 2023,https://www.fragrantica.com/perfume/Amouage/Opus-XV-King-Blue-83394.html,120,196,2023,132
Vanilla Sex Tom Ford (unisex) ~ 2023,https://www.fragrantica.com/perfume/Tom-Ford/Vanilla-Sex-88588.html,40,36,2023,133
Acqua di Parma Blu Mediterraneo - Arancia La Spugnatura Acqua di Parma (unisex) ~ 2023,https://www.fragrantica.com/perfume/Acqua-di-Parma/Acqua-di-Parma-Blu-Mediterraneo-Arancia-La-Spugnatura-80686.html,72,101,2023,134
40 Noeuds Xerjoff (unisex) ~ 2022,https://www.fragrantica.com/perfume/Xerjoff/40-Noeuds-79475.html,40,40,2022,135
Amber Oud Gold Edition Extreme Pure Perfume Al Haramain Perfumes (unisex) ~ 2022,https://www.fragrantica.com/perfume/Al-Haramain-Perfumes/Amber-Oud-Gold-Edition-Extreme-Pure-Perfume-78612.html,53,67,2022,136
Aqua Media Cologne Forte Maison Francis Kurkdjian (unisex) ~ 2023,https://www.fragrantica.com/perfume/Maison-Francis-Kurkdjian/Aqua-Media-Cologne-Forte-82030.html,36,35,2023,137
Un Jardin à Cythère Hermès (unisex) ~ 2023,https://www.fragrantica.com/perfume/Hermes/Un-Jardin-a-Cythere-79225.html,82,128,2023,138
Mana Nishane (unisex) ~ 2022,https://www.fragrantica.com/perfume/Nishane/Mana-72701.html,98,163,2022,139
L.12.12. Blanc Eau Intense Lacoste Fragrances (male) ~ 2023,https://www.fragrantica.com/perfume/Lacoste-Fragrances/L-12-12-Blanc-Eau-Intense-79346.html,76,119,2023,140
Drakkar Intense Guy Laroche (male) ~ 2022,https://www.fragrantica.com/perfume/Guy-Laroche/Drakkar-Intense-71732.html,77,122,2022,141
Joop! Homme Le Parfum Joop! (male) ~ 2022,https://www.fragrantica.com/perfume/Joop/Joop-Homme-Le-Parfum-72309.html,41,50,2022,142
Chicago Poet Parfums Karmic Hues (unisex) ~ 2023,https://www.fragrantica.com/perfume/Parfums-Karmic-Hues/Chicago-Poet-79594.html,27,23,2023,143
Épices Exquises Guerlain (unisex) ~ 2022,https://www.fragrantica.com/perfume/Guerlain/Epices-Exquises-74816.html,70,110,2022,144
Amore Caffè Mancera (unisex) ~ 2023,https://www.fragrantica.com/perfume/Mancera/Amore-Caffe-87409.html,56,83,2023,145
Sculpture Parfum Nikos (male) ~ 2022,https://www.fragrantica.com/perfume/Nikos/Sculpture-Parfum-74214.html,39,49,2022,146
Rashomon Volume II Parfums Karmic Hues (unisex) ~ 2022,https://www.fragrantica.com/perfume/Parfums-Karmic-Hues/Rashomon-Volume-II-73764.html,25,21,2022,147
Crimson Goddess Parfums Karmic Hues (unisex) ~ 2023,https://www.fragrantica.com/perfume/Parfums-Karmic-Hues/Crimson-Goddess-84351.html,30,33,2023,148
Ralph's Club Parfum Ralph Lauren (male) ~ 2022,https://www.fragrantica.com/perfume/Ralph-Lauren/Ralph-s-Club-Parfum-75684.html,24,21,2022,149
Blue Moon Ginger Dash By Kilian (unisex) ~ 2023,https://www.fragrantica.com/perfume/By-Kilian/Blue-Moon-Ginger-Dash-79731.html,60,94,2023,150
Steel Scarlet Parfums Karmic Hues (unisex) ~ 2023,https://www.fragrantica.com/perfume/Parfums-Karmic-Hues/Steel-Scarlet-84350.html,29,32,2023,151
Cheyenne Parfums Karmic Hues (unisex) ~ 2023,https://www.fragrantica.com/perfume/Parfums-Karmic-Hues/Cheyenne-79592.html,31,37,2023,152
Ingenious Ginger Goldfield & Banks Australia (unisex) ~ 2023,https://www.fragrantica.com/perfume/Goldfield-Banks-Australia/Ingenious-Ginger-81895.html,54,83,2023,153
Club De Nuit Milestone Perfume Oil Armaf (unisex) ~ 2022,https://www.fragrantica.com/perfume/Armaf/Club-De-Nuit-Milestone-Perfume-Oil-88211.html,82,139,2022,154
Erba Pura Magica Sospiro Perfumes (unisex) ~ 2022,https://www.fragrantica.com/perfume/Sospiro-Perfumes/Erba-Pura-Magica-75942.html,35,47,2022,155
Shalimar Millésime Iris Guerlain (unisex) ~ 2023,https://www.fragrantica.com/perfume/Guerlain/Shalimar-Millesime-Iris-84844.html,33,43,2023,156
Eternity Parfum For Men Calvin Klein (male) ~ 2022,https://www.fragrantica.com/perfume/Calvin-Klein/Eternity-Parfum-For-Men-75798.html,64,107,2022,157
Empiryan Xerjoff (unisex) ~ 2023,https://www.fragrantica.com/perfume/Xerjoff/Empiryan-80262.html,16,11,2023,158
Purple Suede Goldfield & Banks Australia (unisex) ~ 2022,https://www.fragrantica.com/perfume/Goldfield-Banks-Australia/Purple-Suede-74482.html,81,142,2022,159
Coffee & Whiskey Bath & Body Works (male) ~ 2022,https://www.fragrantica.com/perfume/Bath-Body-Works/Coffee-Whiskey-76780.html,90,161,2022,160
Sex-Sea Lorenzo Pazzaglia (unisex) ~ 2022,https://www.fragrantica.com/perfume/Lorenzo-Pazzaglia/Sex-Sea-74241.html,22,27,2022,161
Heaven Can Wait Frederic Malle (unisex) ~ 2023,https://www.fragrantica.com/perfume/Frederic-Malle/Heaven-Can-Wait-83297.html,68,120,2023,162
Van Exstasyx Lorenzo Pazzaglia (unisex) ~ 2022,https://www.fragrantica.com/perfume/Lorenzo-Pazzaglia/Van-Exstasyx-74242.html,20,24,2022,163
Rochas Man Intense Rochas (male) ~ 2023,https://www.fragrantica.com/perfume/Rochas/Rochas-Man-Intense-79158.html,95,175,2023,164
Bade'e Al Oud Honor & Glory Lattafa Perfumes (unisex) ~ 2023,https://www.fragrantica.com/perfume/Lattafa-Perfumes/Bade-e-Al-Oud-Honor-Glory-84302.html,85,155,2023,165
Hacivat Oud Nishane (unisex) ~ 2023,https://www.fragrantica.com/perfume/Nishane/Hacivat-Oud-80999.html,59,103,2023,166
Sugar Leather Une Nuit Nomade (unisex) ~ 2023,https://www.fragrantica.com/perfume/Une-Nuit-Nomade/Sugar-Leather-80482.html,23,31,2023,167
Tero Nishane (unisex) ~ 2022,https://www.fragrantica.com/perfume/Nishane/Tero-74669.html,75,136,2022,168
Figuier Noir Houbigant (male) ~ 2022,https://www.fragrantica.com/perfume/Houbigant/Figuier-Noir-74384.html,35,56,2022,169
Wanted Eau de Parfum Azzaro (male) ~ 2023,https://www.fragrantica.com/perfume/Azzaro/Wanted-Eau-de-Parfum-80257.html,78,142,2023,170
Harvest Mouse Zoologist Perfumes (unisex) ~ 2023,https://www.fragrantica.com/perfume/Zoologist-Perfumes/Harvest-Mouse-78580.html,92,171,2023,171
Cherry Ink Lorenzo Pazzaglia (unisex) ~ 2022,https://www.fragrantica.com/perfume/Lorenzo-Pazzaglia/Cherry-Ink-78278.html,32,51,2022,172
The Omniscient Mr Thompson Penhaligon's (male) ~ 2023,https://www.fragrantica.com/perfume/Penhaligon-s/The-Omniscient-Mr-Thompson-84254.html,9,5,2023,173
Stronger With You Limited Edition Giorgio Armani (male) ~ 2023,https://www.fragrantica.com/perfume/Giorgio-Armani/Stronger-With-You-Limited-Edition-79166.html,52,92,2023,174
Raw Cherry Aaron Terence Hughes (unisex) ~ 2022,https://www.fragrantica.com/perfume/Aaron-Terence-Hughes/Raw-Cherry-72720.html,79,146,2022,175
Libertine Neroli Francesca Bianchi (unisex) ~ 2022,https://www.fragrantica.com/perfume/Francesca-Bianchi/Libertine-Neroli-74531.html,17,22,2022,176
Artik Sea Lorenzo Pazzaglia (unisex) ~ 2023,https://www.fragrantica.com/perfume/Lorenzo-Pazzaglia/Artik-Sea-80239.html,29,47,2023,177
Narcotix Citrus Lorenzo Pazzaglia (unisex) ~ 2022,https://www.fragrantica.com/perfume/Lorenzo-Pazzaglia/Narcotix-Citrus-74246.html,17,23,2022,178
Pour Un Homme de Caron Le Soir Caron (male) ~ 2022,https://www.fragrantica.com/perfume/Caron/Pour-Un-Homme-de-Caron-Le-Soir-73600.html,13,15,2022,179
Polo Oud Ralph Lauren (male) ~ 2023,https://www.fragrantica.com/perfume/Ralph-Lauren/Polo-Oud-84012.html,65,120,2023,180
Essencial Único Natura (male) ~ 2022,https://www.fragrantica.com/perfume/Natura/Essencial-Unico-72417.html,41,72,2022,181
Tabac Nomade Houbigant (unisex) ~ 2023,https://www.fragrantica.com/perfume/Houbigant/Tabac-Nomade-81480.html,49,88,2023,182
Imperial Purple Zara (male) ~ 2023,https://www.fragrantica.com/perfume/Zara/Imperial-Purple-79048.html,24,38,2023,183
Kemi Xerjoff (unisex) ~ 2023,https://www.fragrantica.com/perfume/Xerjoff/Kemi-80271.html,7,4,2023,184
Bade'e Al Oud Sublime Lattafa Perfumes (unisex) ~ 2023,https://www.fragrantica.com/perfume/Lattafa-Perfumes/Bade-e-Al-Oud-Sublime-83309.html,6,2,2023,185
Ambre des Abysses Houbigant (unisex) ~ 2023,https://www.fragrantica.com/perfume/Houbigant/Ambre-des-Abysses-81483.html,45,81,2023,186
Sadonaso Nasomatto (unisex) ~ 2023,https://www.fragrantica.com/perfume/Nasomatto/Sadonaso-80076.html,83,157,2023,187
Rendez-vous à Paris Montale (unisex) ~ 2023,https://www.fragrantica.com/perfume/Montale/Rendez-vous-a-Paris-82127.html,32,55,2023,188
Rouge Chaotique Byredo (unisex) ~ 2023,https://www.fragrantica.com/perfume/Byredo/Rouge-Chaotique-83369.html,42,75,2023,189
Apex Parfum Roja Dove (unisex) ~ 2022,https://www.fragrantica.com/perfume/Roja-Dove/Apex-Parfum-76244.html,31,53,2022,190
212 VIP Black NY Carolina Herrera (male) ~ 2023,https://www.fragrantica.com/perfume/Carolina-Herrera/212-VIP-Black-NY-79162.html,19,29,2023,191
Venom Incarnat Stéphane Humbert Lucas 777 (unisex) ~ 2022,https://www.fragrantica.com/perfume/Stephane-Humbert-Lucas-777/Venom-Incarnat-72387.html,15,21,2022,192
Brioni Eau de Parfum Essentiel Brioni (male) ~ 2023,https://www.fragrantica.com/perfume/Brioni/Brioni-Eau-de-Parfum-Essentiel-82015.html,64,120,2023,193
Neon Aaron Terence Hughes (unisex) ~ 2023,https://www.fragrantica.com/perfume/Aaron-Terence-Hughes/Neon-83703.html,67,126,2023,194
Soleil de Jeddah - Mango Kiss Stéphane Humbert Lucas 777 (unisex) ~ 2022,https://www.fragrantica.com/perfume/Stephane-Humbert-Lucas-777/Soleil-de-Jeddah-Mango-Kiss-81913.html,57,106,2022,195
Ambre Chromatique Maison Crivelli (unisex) ~ 2022,https://www.fragrantica.com/perfume/Maison-Crivelli/Ambre-Chromatique-75059.html,41,74,2022,196
Le Male Xmas Limited Edition Jean Paul Gaultier (male) ~ 2023,https://www.fragrantica.com/perfume/Jean-Paul-Gaultier/Le-Male-Xmas-Limited-Edition-87350.html,37,66,2023,197
Sous Le Pont Mirabeau Etat Libre d'Orange (unisex) ~ 2023,https://www.fragrantica.com/perfume/Etat-Libre-d-Orange/Sous-Le-Pont-Mirabeau-80360.html,27,46,2023,198
Wood Sage & Sea Salt Cologne Jo Malone London (unisex) ~ 2022,https://www.fragrantica.com/perfume/Jo-Malone-London/Wood-Sage-Sea-Salt-Cologne-74041.html,32,56,2022,199
Cool Water Grapefruit & Sage Davidoff (male) ~ 2022,https://www.fragrantica.com/perfume/Davidoff/Cool-Water-Grapefruit-Sage-74605.html,35,62,2022,200
Sugar Kisses Lorenzo Pazzaglia (unisex) ~ 2023,https://www.fragrantica.com/perfume/Lorenzo-Pazzaglia/Sugar-Kisses-88326.html,18,28,2023,201
Eilish No 2 Billie Eilish (unisex) ~ 2022,https://www.fragrantica.com/perfume/Billie-Eilish/Eilish-No-2-76532.html,22,36,2022,202
Aqua Regia Xerjoff (unisex) ~ 2023,https://www.fragrantica.com/perfume/Xerjoff/Aqua-Regia-80268.html,17,26,2023,203
Black Noir Mancera (unisex) ~ 2023,https://www.fragrantica.com/perfume/Mancera/Black-Noir-88137.html,7,6,2023,204
Vanilla in Bourbon Scents of Wood (unisex) ~ 2022,https://www.fragrantica.com/perfume/Scents-of-Wood/Vanilla-in-Bourbon-81909.html,7,6,2022,205
Gladiator Oud Electimuss (unisex) ~ 2023,https://www.fragrantica.com/perfume/Electimuss/Gladiator-Oud-79601.html,43,79,2023,206
Amberwood Clive Christian (unisex) ~ 2022,https://www.fragrantica.com/perfume/Clive-Christian/Amberwood-73599.html,52,97,2022,207
Town & Country Clive Christian (unisex) ~ 2023,https://www.fragrantica.com/perfume/Clive-Christian/Town-Country-83240.html,73,139,2023,208
French Riviera Mancera (unisex) ~ 2022,https://www.fragrantica.com/perfume/Mancera/French-Riviera-74636.html,62,117,2022,209
Ferragamo Bright Leather Salvatore Ferragamo (male) ~ 2022,https://www.fragrantica.com/perfume/Salvatore-Ferragamo/Ferragamo-Bright-Leather-73969.html,43,79,2022,210
Lavande 31 Le Labo (unisex) ~ 2023,https://www.fragrantica.com/perfume/Le-Labo/Lavande-31-84249.html,53,99,2023,211
Infinity Montale (unisex) ~ 2023,https://www.fragrantica.com/perfume/Montale/Infinity-81773.html,22,37,2023,212
Freakincense Coreterno (unisex) ~ 2023,https://www.fragrantica.com/perfume/Coreterno/Freakincense-81005.html,18,29,2023,213
Cedar Malaki Chopard (unisex) ~ 2023,https://www.fragrantica.com/perfume/Chopard/Cedar-Malaki-79336.html,22,37,2023,214
Groove Xcape Xerjoff (unisex) ~ 2023,https://www.fragrantica.com/perfume/Xerjoff/Groove-Xcape-79028.html,22,37,2023,215
Ishq Al Shuyukh Gold Lattafa Perfumes (unisex) ~ 2022,https://www.fragrantica.com/perfume/Lattafa-Perfumes/Ishq-Al-Shuyukh-Gold-81121.html,33,59,2022,216
Impact Spark Tommy Hilfiger (male) ~ 2022,https://www.fragrantica.com/perfume/Tommy-Hilfiger/Impact-Spark-79960.html,18,29,2022,217
Gaultier² Jean Paul Gaultier (unisex) ~ 2022,https://www.fragrantica.com/perfume/Jean-Paul-Gaultier/Gaultier2-76519.html,13,19,2022,218
Torino23 Xerjoff (unisex) ~ 2023,https://www.fragrantica.com/perfume/Xerjoff/Torino23-87970.html,5,3,2023,219
Erba Gold Le Prestige (unisex) ~ 2023,https://www.fragrantica.com/perfume/Le-Prestige/Erba-Gold-82319.html,32,58,2023,220
Kredo Nishane (unisex) ~ 2022,https://www.fragrantica.com/perfume/Nishane/Kredo-74670.html,27,48,2022,221
Sweet Xplosion Lorenzo Pazzaglia (unisex) ~ 2023,https://www.fragrantica.com/perfume/Lorenzo-Pazzaglia/Sweet-Xplosion-88485.html,15,24,2023,222
Evil Angel a.k.a. 28.09 Lorenzo Pazzaglia (unisex) ~ 2022,https://www.fragrantica.com/perfume/Lorenzo-Pazzaglia/Evil-Angel-a-k-a-28-09-74247.html,22,38,2022,223
Théorème Homme Rue Broca (male) ~ 2022,https://www.fragrantica.com/perfume/Rue-Broca/Theoreme-Homme-76764.html,13,20,2022,224
Cafe Gourmand Maison Tahité – Officine Creative Profumi (unisex) ~ 2022,https://www.fragrantica.com/perfume/Maison-Tahite-Officine-Creative-Profumi/Cafe-Gourmand-76417.html,7,8,2022,225
Oudgasm Rose Oud | 16 Eau de Parfum Intense Kayali Fragrances (unisex) ~ 2023,https://www.fragrantica.com/perfume/Kayali-Fragrances/Oudgasm-Rose-Oud-16-Eau-de-Parfum-Intense-85186.html,6,6,2023,226
Cool Water Oceanic Edition Davidoff (male) ~ 2023,https://www.fragrantica.com/perfume/Davidoff/Cool-Water-Oceanic-Edition-84033.html,3,0,2023,227
Poivre Noir Serge Lutens (unisex) ~ 2022,https://www.fragrantica.com/perfume/Serge-Lutens/Poivre-Noir-75836.html,41,77,2022,228
Tiger Zoologist Perfumes (unisex) ~ 2023,https://www.fragrantica.com/perfume/Zoologist-Perfumes/Tiger-80103.html,68,131,2023,229
Sacred Scarab Zoologist Perfumes (unisex) ~ 2022,https://www.fragrantica.com/perfume/Zoologist-Perfumes/Sacred-Scarab-74638.html,49,93,2022,230
Papilefiko Nishane (unisex) ~ 2022,https://www.fragrantica.com/perfume/Nishane/Papilefiko-74667.html,34,63,2022,231
Antique Brown Zara (male) ~ 2023,https://www.fragrantica.com/perfume/Zara/Antique-Brown-87146.html,23,41,2023,232
Fièvre Verte By Kilian (unisex) ~ 2023,https://www.fragrantica.com/perfume/By-Kilian/Fievre-Verte-85718.html,29,53,2023,233
Vir Profumum Roma (unisex) ~ 2022,https://www.fragrantica.com/perfume/Profumum-Roma/Vir-76184.html,21,37,2022,234
Legacy of Petra Penhaligon's (unisex) ~ 2022,https://www.fragrantica.com/perfume/Penhaligon-s/Legacy-of-Petra-75584.html,25,45,2022,235
Lush Vetiver Zara (male) ~ 2023,https://www.fragrantica.com/perfume/Zara/Lush-Vetiver-84075.html,20,35,2023,236
Van Sea Lorenzo Pazzaglia (unisex) ~ 2022,https://www.fragrantica.com/perfume/Lorenzo-Pazzaglia/Van-Sea-74244.html,12,19,2022,237
Deep Water Claudio Zucca Parfums (unisex) ~ 2022,https://www.fragrantica.com/perfume/Claudio-Zucca-Parfums/Deep-Water-75132.html,8,11,2022,238
Delizia Oscura Calaj (unisex) ~ 2023,https://www.fragrantica.com/perfume/Calaj/Delizia-Oscura-84478.html,8,11,2023,239
White On White Xerjoff (unisex) ~ 2023,https://www.fragrantica.com/perfume/Xerjoff/White-On-White-85263.html,7,9,2023,240
CR7 Origins Cristiano Ronaldo (male) ~ 2022,https://www.fragrantica.com/perfume/Cristiano-Ronaldo/CR7-Origins-72142.html,11,18,2022,241
Signature CoCoLoCo Zaharoff (unisex) ~ 2023,https://www.fragrantica.com/perfume/Zaharoff/Signature-CoCoLoCo-82984.html,2,0,2023,242
Vetiver Bourbon Parfum d'Empire (unisex) ~ 2022,https://www.fragrantica.com/perfume/Parfum-d-Empire/Vetiver-Bourbon-76536.html,2,0,2022,243
Al Qiam Silver Lattafa Perfumes (unisex) ~ 2022,https://www.fragrantica.com/perfume/Lattafa-Perfumes/Al-Qiam-Silver-81763.html,46,89,2022,244
Manhattan Eau de Parfum Roja Dove (unisex) ~ 2022,https://www.fragrantica.com/perfume/Roja-Dove/Manhattan-Eau-de-Parfum-77295.html,63,123,2022,245
Arancia Rossa Laboratorio Olfattivo (unisex) ~ 2022,https://www.fragrantica.com/perfume/Laboratorio-Olfattivo/Arancia-Rossa-73918.html,23,43,2022,246
Malbec Ultra Bleu O Boticário (male) ~ 2022,https://www.fragrantica.com/perfume/O-Boticario/Malbec-Ultra-Bleu-75487.html,23,43,2022,247
Oudgasm Tobacco Oud | 04 Eau de Parfum Intense Kayali Fragrances (unisex) ~ 2023,https://www.fragrantica.com/perfume/Kayali-Fragrances/Oudgasm-Tobacco-Oud-04-Eau-de-Parfum-Intense-85185.html,28,53,2023,248
Guidance Amouage (unisex) ~ 2023,https://www.fragrantica.com/perfume/Amouage/Guidance-78656.html,47,91,2023,249
Basso Sospiro Perfumes (unisex) ~ 2022,https://www.fragrantica.com/perfume/Sospiro-Perfumes/Basso-75927.html,27,51,2022,250
Guapo Aaron Terence Hughes (male) ~ 2022,https://www.fragrantica.com/perfume/Aaron-Terence-Hughes/Guapo-83713.html,32,61,2022,251
Oud Khôl Guerlain (unisex) ~ 2022,https://www.fragrantica.com/perfume/Guerlain/Oud-Khol-76314.html,19,35,2022,252
Liam Lattafa Perfumes (unisex) ~ 2023,https://www.fragrantica.com/perfume/Lattafa-Perfumes/Liam-85097.html,13,23,2023,253
Mineral Wood Claudio Zucca Parfums (unisex) ~ 2022,https://www.fragrantica.com/perfume/Claudio-Zucca-Parfums/Mineral-Wood-78135.html,7,11,2022,254
Eau de Audacity Penhaligon's (unisex) ~ 2023,https://www.fragrantica.com/perfume/Penhaligon-s/Eau-de-Audacity-84258.html,3,3,2023,255
This Is Him! Undressed Zadig & Voltaire (male) ~ 2023,https://www.fragrantica.com/perfume/Zadig-Voltaire/This-Is-Him-Undressed-78744.html,38,74,2023,256
Mashumaro Unique'e Luxury (unisex) ~ 2023,https://www.fragrantica.com/perfume/Unique-e-Luxury/Mashumaro-79281.html,18,34,2023,257
Molecule 01 + Ginger Escentric Molecules (unisex) ~ 2023,https://www.fragrantica.com/perfume/Escentric-Molecules/Molecule-01-Ginger-79413.html,17,32,2023,258
Ocean of a Midnight Moon Simone Andreoli (unisex) ~ 2022,https://www.fragrantica.com/perfume/Simone-Andreoli/Ocean-of-a-Midnight-Moon-73797.html,15,28,2022,259
Yloud-Yloud Angelos Créations Olfactives (unisex) ~ 2022,https://www.fragrantica.com/perfume/Angelos-Creations-Olfactives/Yloud-Yloud-72966.html,7,12,2022,260
Oud Minérale (2023) Tom Ford (unisex) ~ 2023,https://www.fragrantica.com/perfume/Tom-Ford/Oud-Minerale-2023-88818.html,10,18,2023,261
Northern Cardinal Zoologist Perfumes (unisex) ~ 2022,https://www.fragrantica.com/perfume/Zoologist-Perfumes/Northern-Cardinal-74111.html,2,2,2022,262
Unspoken Musk Francesca Bianchi (unisex) ~ 2022,https://www.fragrantica.com/perfume/Francesca-Bianchi/Unspoken-Musk-76133.html,1,0,2022,263
XX Artisan Teal John Varvatos (male) ~ 2022,https://www.fragrantica.com/perfume/John-Varvatos/XX-Artisan-Teal-73336.html,1,0,2022,264
Nektar Laboratorio Olfattivo (unisex) ~ 2022,https://www.fragrantica.com/perfume/Laboratorio-Olfattivo/Nektar-72130.html,1,0,2022,265
Chrome Eau de Parfum Azzaro (male) ~ 2022,https://www.fragrantica.com/perfume/Azzaro/Chrome-Eau-de-Parfum-72608.html,1,0,2022,266
Shaghaf Oud Azraq Swiss Arabian (unisex) ~ 2022,https://www.fragrantica.com/perfume/Swiss-Arabian/Shaghaf-Oud-Azraq-82383.html,1,0,2022,267
Bonne Étoile Baby Dior Dior (unisex) ~ 2023,https://www.fragrantica.com/perfume/Dior/Bonne-Etoile-Baby-Dior-87597.html,1,0,2023,268
Tommy Summer Ocean Wave Tommy Hilfiger (male) ~ 2022,https://www.fragrantica.com/perfume/Tommy-Hilfiger/Tommy-Summer-Ocean-Wave-74974.html,1,0,2022,269
Polo Earth Ralph Lauren (unisex) ~ 2022,https://www.fragrantica.com/perfume/Ralph-Lauren/Polo-Earth-73298.html,39,77,2022,270
Majestic Green Zara (male) ~ 2023,https://www.fragrantica.com/perfume/Zara/Majestic-Green-79045.html,28,55,2023,271
West Loop Michael Malul London (male) ~ 2023,https://www.fragrantica.com/perfume/Michael-Malul-London/West-Loop-87587.html,11,21,2023,272
Open Road Coach (male) ~ 2022,https://www.fragrantica.com/perfume/Coach/Open-Road-75425.html,9,17,2022,273
Benzin Rammstein (unisex) ~ 2023,https://www.fragrantica.com/perfume/Rammstein/Benzin-87454.html,4,7,2023,274
Drunk Lovers BORNTOSTANDOUT® (unisex) ~ 2023,https://www.fragrantica.com/perfume/BORNTOSTANDOUT/Drunk-Lovers-81882.html,3,5,2023,275
Blue Talisman Ex Nihilo (unisex) ~ 2023,https://www.fragrantica.com/perfume/Ex-Nihilo/Blue-Talisman-84224.html,3,5,2023,276
Hugo Intense Hugo Boss (male) ~ 2023,https://www.fragrantica.com/perfume/Hugo-Boss/Hugo-Intense-88569.html,2,3,2023,277
Lime Sands Skylar (unisex) ~ 2023,https://www.fragrantica.com/perfume/Skylar/Lime-Sands-79196.html,1,1,2023,278
Indigo Valley Skylar (unisex) ~ 2022,https://www.fragrantica.com/perfume/Skylar/Indigo-Valley-74570.html,1,1,2022,279
Illusion D'un Soir FOMO (male) ~ 2023,https://www.fragrantica.com/perfume/FOMO/Illusion-D-un-Soir-82666.html,1,1,2023,280
The Icon Eau de Parfum Antonio Banderas (male) ~ 2022,https://www.fragrantica.com/perfume/Antonio-Banderas/The-Icon-Eau-de-Parfum-71729.html,1,1,2022,281
2nd Soul Zaharoff (unisex) ~ 2022,https://www.fragrantica.com/perfume/Zaharoff/2nd-Soul-76916.html,28,56,2022,282
Free d'Homme CoSTUME NATIONAL (male) ~ 2022,https://www.fragrantica.com/perfume/CoSTUME-NATIONAL/Free-d-Homme-76579.html,32,64,2022,283
Jimmy Choo Man Aqua Jimmy Choo (male) ~ 2022,https://www.fragrantica.com/perfume/Jimmy-Choo/Jimmy-Choo-Man-Aqua-73399.html,33,66,2022,284
Figue De Vertu Angelos Créations Olfactives (unisex) ~ 2022,https://www.fragrantica.com/perfume/Angelos-Creations-Olfactives/Figue-De-Vertu-72965.html,7,14,2022,285
Borabora Giardini Di Toscana (unisex) ~ 2023,https://www.fragrantica.com/perfume/Giardini-Di-Toscana/Borabora-81632.html,8,16,2023,286
Ömer Maiora Parfum (unisex) ~ 2023,https://www.fragrantica.com/perfume/Maiora-Parfum/OEmer-78889.html,6,12,2023,287
Ask Maiora Parfum (unisex) ~ 2023,https://www.fragrantica.com/perfume/Maiora-Parfum/Ask-80240.html,6,12,2023,288
Alì Babà Maiora Parfum (unisex) ~ 2023,https://www.fragrantica.com/perfume/Maiora-Parfum/Ali-Baba-87412.html,6,12,2023,289
T. Shelby Calaj (unisex) ~ 2022,https://www.fragrantica.com/perfume/Calaj/T-Shelby-77653.html,7,14,2022,290
Panther Fangs Calaj (unisex) ~ 2022,https://www.fragrantica.com/perfume/Calaj/Panther-Fangs-73295.html,7,14,2022,291
Erba Leather Sospiro Perfumes (unisex) ~ 2022,https://www.fragrantica.com/perfume/Sospiro-Perfumes/Erba-Leather-75944.html,3,6,2022,292
Ganymedes Patrice Martin (unisex) ~ 2022,https://www.fragrantica.com/perfume/Patrice-Martin/Ganymedes-75077.html,1,2,2022,293
Adonis Awakens Argos (unisex) ~ 2022,https://www.fragrantica.com/perfume/Argos/Adonis-Awakens-80245.html,1,2,2022,294
Halloween Man Mystery Halloween (male) ~ 2023,https://www.fragrantica.com/perfume/Halloween/Halloween-Man-Mystery-83298.html,36,73,2023,295
Oud Or Houbigant (unisex) ~ 2023,https://www.fragrantica.com/perfume/Houbigant/Oud-Or-81482.html,25,51,2023,296
Sacred Wood Anniversary Edition By Kilian (unisex) ~ 2022,https://www.fragrantica.com/perfume/By-Kilian/Sacred-Wood-Anniversary-Edition-77133.html,15,31,2022,297
Evening Mystique Zaharoff (unisex) ~ 2022,https://www.fragrantica.com/perfume/Zaharoff/Evening-Mystique-76917.html,9,19,2022,298
Imagine Guerlain by L'Atelier Truscelli Guerlain (unisex) ~ 2022,https://www.fragrantica.com/perfume/Guerlain/Imagine-Guerlain-by-L-Atelier-Truscelli-78019.html,8,17,2022,299
Emir You're Drugged Paris Corner (unisex) ~ 2022,https://www.fragrantica.com/perfume/Paris-Corner/Emir-You-re-Drugged-82150.html,7,15,2022,300
Smell Like A King (Limited Edition) Experimental Perfume Club (male) ~ 2023,https://www.fragrantica.com/perfume/Experimental-Perfume-Club/Smell-Like-A-King-Limited-Edition-82010.html,1,3,2023,301
Of the Immortals Zaharoff (unisex) ~ 2022,https://www.fragrantica.com/perfume/Zaharoff/Of-the-Immortals-76915.html,36,74,2022,302
Moonlight Patchouli Le Parfum Van Cleef & Arpels (unisex) ~ 2022,https://www.fragrantica.com/perfume/Van-Cleef-Arpels/Moonlight-Patchouli-Le-Parfum-77937.html,20,42,2022,303
TOB/03 Tabac-Treasure Zara (male) ~ 2023,https://www.fragrantica.com/perfume/Zara/TOB-03-Tabac-Treasure-87739.html,26,54,2023,304
Vanilla Royale Sugared Patchouli | 64 Eau De Parfum Intense Kayali Fragrances (unisex) ~ 2022,https://www.fragrantica.com/perfume/Kayali-Fragrances/Vanilla-Royale-Sugared-Patchouli-64-Eau-De-Parfum-Intense-77430.html,20,42,2022,305
Bianco Latte Limited Edition Giardini Di Toscana (unisex) ~ 2023,https://www.fragrantica.com/perfume/Giardini-Di-Toscana/Bianco-Latte-Limited-Edition-88107.html,19,40,2023,306
Moncler Sunrise pour Homme Moncler (male) ~ 2023,https://www.fragrantica.com/perfume/Moncler/Moncler-Sunrise-pour-Homme-88139.html,23,48,2023,307
Crystal Saffron Matiere Premiere (unisex) ~ 2022,https://www.fragrantica.com/perfume/Matiere-Premiere/Crystal-Saffron-76131.html,33,68,2022,308
Melody Of The Sun Mancera (unisex) ~ 2022,https://www.fragrantica.com/perfume/Mancera/Melody-Of-The-Sun-72736.html,11,24,2022,309
Blockade Mind Games (unisex) ~ 2022,https://www.fragrantica.com/perfume/Mind-Games/Blockade-76717.html,10,22,2022,310
Ottoman Empire IV Areej Le Doré (unisex) ~ 2023,https://www.fragrantica.com/perfume/Areej-Le-Dore/Ottoman-Empire-IV-85382.html,8,18,2023,311
Porthole Loumari (unisex) ~ 2022,https://www.fragrantica.com/perfume/Loumari/Porthole-83054.html,10,22,2022,312
Molecule 01 + Black Tea Escentric Molecules (unisex) ~ 2023,https://www.fragrantica.com/perfume/Escentric-Molecules/Molecule-01-Black-Tea-79414.html,7,16,2023,313
Supreme Vanilla Zara (unisex) ~ 2023,https://www.fragrantica.com/perfume/Zara/Supreme-Vanilla-85039.html,6,14,2023,314
Al Bashiq Nabeel (unisex) ~ 2022,https://www.fragrantica.com/perfume/Nabeel/Al-Bashiq-77553.html,3,8,2022,315
NUMERO CINQUE V Adamo Parfum (unisex) ~ 2023,https://www.fragrantica.com/perfume/Adamo-Parfum/NUMERO-CINQUE-V-87752.html,2,6,2023,316
For Him Mandarina Duck (male) ~ 2022,https://www.fragrantica.com/perfume/Mandarina-Duck/For-Him-73610.html,3,8,2022,317
Cool Water Reborn Davidoff (male) ~ 2022,https://www.fragrantica.com/perfume/Davidoff/Cool-Water-Reborn-73603.html,5,12,2022,318
Legacy Façonnable (male) ~ 2023,https://www.fragrantica.com/perfume/Faconnable/Legacy-84392.html,2,6,2023,319
Erba Pura Le Prestige (unisex) ~ 2023,https://www.fragrantica.com/perfume/Le-Prestige/Erba-Pura-82320.html,2,6,2023,320
Velvet Chocolate Theodoros Kalotinis (unisex) ~ 2022,https://www.fragrantica.com/perfume/Theodoros-Kalotinis/Velvet-Chocolate-78288.html,27,57,2022,321
Fanfare Thameen (unisex) ~ 2023,https://www.fragrantica.com/perfume/Thameen/Fanfare-79558.html,25,53,2023,322
On A Date Maison Martin Margiela (unisex) ~ 2022,https://www.fragrantica.com/perfume/Maison-Martin-Margiela/On-A-Date-78292.html,26,55,2022,323
Millesime 1849 Eau de Parfum Creed (male) ~ 2023,https://www.fragrantica.com/perfume/Creed/Millesime-1849-Eau-de-Parfum-88140.html,18,39,2023,324
Fig Porn BORNTOSTANDOUT® (unisex) ~ 2022,https://www.fragrantica.com/perfume/BORNTOSTANDOUT/Fig-Porn-78866.html,13,29,2022,325
Terra Nova Michael Malul London (male) ~ 2022,https://www.fragrantica.com/perfume/Michael-Malul-London/Terra-Nova-78421.html,15,33,2022,326
1 Million Golden Oud Paco Rabanne (male) ~ 2023,https://www.fragrantica.com/perfume/Paco-Rabanne/1-Million-Golden-Oud-84554.html,31,65,2023,327
Edgewater Michael Malul London (male) ~ 2023,https://www.fragrantica.com/perfume/Michael-Malul-London/Edgewater-87596.html,10,23,2023,328
Eden Amber Claudio Zucca Parfums (unisex) ~ 2022,https://www.fragrantica.com/perfume/Claudio-Zucca-Parfums/Eden-Amber-78134.html,5,13,2022,329
Emir When Soul Gets High Paris Corner (unisex) ~ 2022,https://www.fragrantica.com/perfume/Paris-Corner/Emir-When-Soul-Gets-High-82899.html,4,11,2022,330
Uncut Gem Frederic Malle (male) ~ 2022,https://www.fragrantica.com/perfume/Frederic-Malle/Uncut-Gem-74926.html,5,13,2022,331
Trussardi Uomo Levriero Limited Edition Trussardi (male) ~ 2022,https://www.fragrantica.com/perfume/Trussardi/Trussardi-Uomo-Levriero-Limited-Edition-77027.html,2,7,2022,332
Away Weekend Man Abercrombie & Fitch (male) ~ 2023,https://www.fragrantica.com/perfume/Abercrombie-Fitch/Away-Weekend-Man-83094.html,2,7,2023,333
1970 Rosendo Mateu Olfactive Expressions (unisex) ~ 2023,https://www.fragrantica.com/perfume/Rosendo-Mateu-Olfactive-Expressions/1970-80352.html,23,50,2023,334
L'Eau Kenzo Boisee Kenzo (male) ~ 2022,https://www.fragrantica.com/perfume/Kenzo/L-Eau-Kenzo-Boisee-73902.html,20,44,2022,335
Pistachio DS&Durga (unisex) ~ 2022,https://www.fragrantica.com/perfume/DS-Durga/Pistachio-72484.html,22,48,2022,336
Aqua Palma Montale (unisex) ~ 2022,https://www.fragrantica.com/perfume/Montale/Aqua-Palma-73226.html,16,36,2022,337
Insignia Thameen (unisex) ~ 2022,https://www.fragrantica.com/perfume/Thameen/Insignia-76890.html,23,50,2022,338
Match Point Eau De Parfum Lacoste Fragrances (male) ~ 2022,https://www.fragrantica.com/perfume/Lacoste-Fragrances/Match-Point-Eau-De-Parfum-71660.html,26,56,2022,339
Détour Rouge Al Haramain Perfumes (unisex) ~ 2022,https://www.fragrantica.com/perfume/Al-Haramain-Perfumes/Detour-Rouge-78107.html,20,44,2022,340
The Scent Of Peace Natural Bond No 9 (unisex) ~ 2022,https://www.fragrantica.com/perfume/Bond-No-9/The-Scent-Of-Peace-Natural-72402.html,11,26,2022,341
Atlantis Blu Atlas (male) ~ 2022,https://www.fragrantica.com/perfume/Blu-Atlas/Atlantis-83654.html,11,26,2022,342
1968 Rosendo Mateu Olfactive Expressions (unisex) ~ 2023,https://www.fragrantica.com/perfume/Rosendo-Mateu-Olfactive-Expressions/1968-80351.html,5,14,2023,343
Scuro Bois 1920 (unisex) ~ 2023,https://www.fragrantica.com/perfume/Bois-1920/Scuro-80208.html,5,14,2023,344
Un An Anniversaire Attar Angelos Créations Olfactives (unisex) ~ 2023,https://www.fragrantica.com/perfume/Angelos-Creations-Olfactives/Un-An-Anniversaire-Attar-81408.html,5,14,2023,345
Nimitr Edition 2022 Prissana (male) ~ 2022,https://www.fragrantica.com/perfume/Prissana/Nimitr-Edition-2022-75354.html,4,12,2022,346
Esencia Elixir Loewe (male) ~ 2023,https://www.fragrantica.com/perfume/Loewe/Esencia-Elixir-88871.html,2,8,2023,347
Cola Oud Aromas de Salazar (unisex) ~ 2023,https://www.fragrantica.com/perfume/Aromas-de-Salazar/Cola-Oud-81495.html,1,6,2023,348
Wake Up World Parle Moi de Parfum (unisex) ~ 2022,https://www.fragrantica.com/perfume/Parle-Moi-de-Parfum/Wake-Up-World-72812.html,31,67,2022,349
Cosmic Pepper Mancera (unisex) ~ 2023,https://www.fragrantica.com/perfume/Mancera/Cosmic-Pepper-81804.html,27,59,2023,350
Thé Amara Van Cleef & Arpels (unisex) ~ 2023,https://www.fragrantica.com/perfume/Van-Cleef-Arpels/The-Amara-83989.html,19,43,2023,351
Cuir (2023) Yves Saint Laurent (unisex) ~ 2023,https://www.fragrantica.com/perfume/Yves-Saint-Laurent/Cuir-2023-80344.html,28,61,2023,352
Ambre Safrano BDK Parfums (unisex) ~ 2022,https://www.fragrantica.com/perfume/BDK-Parfums/Ambre-Safrano-77572.html,25,55,2022,353
Paperplane CoSTUME NATIONAL (unisex) ~ 2023,https://www.fragrantica.com/perfume/CoSTUME-NATIONAL/Paperplane-85949.html,15,35,2023,354
Blue Sapphire Supercharged Boadicea the Victorious (unisex) ~ 2022,https://www.fragrantica.com/perfume/Boadicea-the-Victorious/Blue-Sapphire-Supercharged-74434.html,28,61,2022,355
Herbal Aquatica Montale (unisex) ~ 2022,https://www.fragrantica.com/perfume/Montale/Herbal-Aquatica-78379.html,13,31,2022,356
Revolución Carner Barcelona (unisex) ~ 2023,https://www.fragrantica.com/perfume/Carner-Barcelona/Revolucion-80484.html,12,29,2023,357
Tempfluo Nishane (unisex) ~ 2022,https://www.fragrantica.com/perfume/Nishane/Tempfluo-74668.html,11,27,2022,358
Acrasia BeauFort London (unisex) ~ 2022,https://www.fragrantica.com/perfume/BeauFort-London/Acrasia-77215.html,7,19,2022,359
Guess Uomo Acqua Guess (male) ~ 2023,https://www.fragrantica.com/perfume/Guess/Guess-Uomo-Acqua-82555.html,5,15,2023,360
Erotika Minimale New Notes (unisex) ~ 2023,https://www.fragrantica.com/perfume/New-Notes/Erotika-Minimale-87364.html,3,11,2023,361
Lapidus Cool Night Ted Lapidus (male) ~ 2023,https://www.fragrantica.com/perfume/Ted-Lapidus/Lapidus-Cool-Night-84952.html,3,11,2023,362
Arbo Forest O Boticário (male) ~ 2022,https://www.fragrantica.com/perfume/O-Boticario/Arbo-Forest-75819.html,2,9,2022,363
Alba sui Navigli Trussardi (unisex) ~ 2022,https://www.fragrantica.com/perfume/Trussardi/Alba-sui-Navigli-73545.html,1,7,2022,364
Bois de Cyprès Karl Lagerfeld (male) ~ 2023,https://www.fragrantica.com/perfume/Karl-Lagerfeld/Bois-de-Cypres-83917.html,1,7,2023,365
Labdanum is My Love Language Aromas de Salazar (unisex) ~ 2022,https://www.fragrantica.com/perfume/Aromas-de-Salazar/Labdanum-is-My-Love-Language-77216.html,1,7,2022,366
Signature AURUM Zaharoff (unisex) ~ 2023,https://www.fragrantica.com/perfume/Zaharoff/Signature-AURUM-88125.html,41,88,2023,367
Cuir Grenat L'Artisan Parfumeur (unisex) ~ 2023,https://www.fragrantica.com/perfume/L-Artisan-Parfumeur/Cuir-Grenat-83319.html,37,80,2023,368
Vanilla Powder Matiere Premiere (unisex) ~ 2023,https://www.fragrantica.com/perfume/Matiere-Premiere/Vanilla-Powder-84933.html,39,84,2023,369
Faux Semblant Givenchy (unisex) ~ 2023,https://www.fragrantica.com/perfume/Givenchy/Faux-Semblant-79157.html,30,66,2023,370
Beauty and The Beast Areej Le Doré (unisex) ~ 2022,https://www.fragrantica.com/perfume/Areej-Le-Dore/Beauty-and-The-Beast-76658.html,22,50,2022,371
Patchouli Sauvage Houbigant (unisex) ~ 2023,https://www.fragrantica.com/perfume/Houbigant/Patchouli-Sauvage-81481.html,29,64,2023,372
Royal Bleu Orientica Premium (unisex) ~ 2022,https://www.fragrantica.com/perfume/Orientica-Premium/Royal-Bleu-78001.html,15,36,2022,373
Gary's Den FOMO (male) ~ 2023,https://www.fragrantica.com/perfume/FOMO/Gary-s-Den-82664.html,37,80,2023,374
Emir Fire Your Desire Paris Corner (unisex) ~ 2022,https://www.fragrantica.com/perfume/Paris-Corner/Emir-Fire-Your-Desire-82900.html,35,76,2022,375
Ilio Limited Edition Diptyque (unisex) ~ 2023,https://www.fragrantica.com/perfume/Diptyque/Ilio-Limited-Edition-82763.html,14,34,2023,376
The Icon Elixir Antonio Banderas (male) ~ 2023,https://www.fragrantica.com/perfume/Antonio-Banderas/The-Icon-Elixir-81410.html,13,32,2023,377
Pineapple Vintage Intense VI. Parfums Vintage (unisex) ~ 2023,https://www.fragrantica.com/perfume/Parfums-Vintage/Pineapple-Vintage-Intense-VI-82440.html,8,22,2023,378
Methexis Manos Gerakinis (unisex) ~ 2022,https://www.fragrantica.com/perfume/Manos-Gerakinis/Methexis-75262.html,5,16,2022,379
Coke Bomb Ori Russo (unisex) ~ 2023,https://www.fragrantica.com/perfume/Ori-Russo/Coke-Bomb-84967.html,6,18,2023,380
Roeya The Spirit of Dubai (unisex) ~ 2022,https://www.fragrantica.com/perfume/The-Spirit-of-Dubai/Roeya-74762.html,6,18,2022,381
LTH/03 Know The Leather Zara (male) ~ 2023,https://www.fragrantica.com/perfume/Zara/LTH-03-Know-The-Leather-87994.html,2,10,2023,382
Náutico Sueño (male) ~ 2023,https://www.fragrantica.com/perfume/Sueno/Nautico-84055.html,1,8,2023,383
Original Wood DSQUARED² (male) ~ 2022,https://www.fragrantica.com/perfume/DSQUARED2/Original-Wood-71690.html,31,69,2022,384
A Balm Of Calm Penhaligon's (unisex) ~ 2023,https://www.fragrantica.com/perfume/Penhaligon-s/A-Balm-Of-Calm-84257.html,25,57,2023,385
Bravi Thameen (unisex) ~ 2023,https://www.fragrantica.com/perfume/Thameen/Bravi-85182.html,17,41,2023,386
Avgoustos Korres (unisex) ~ 2022,https://www.fragrantica.com/perfume/Korres/Avgoustos-75507.html,19,45,2022,387
Toy 2 Pearl Moschino (unisex) ~ 2023,https://www.fragrantica.com/perfume/Moschino/Toy-2-Pearl-84718.html,21,49,2023,388
Croissant Café Versatile Paris (unisex) ~ 2022,https://www.fragrantica.com/perfume/Versatile-Paris/Croissant-Cafe-78637.html,11,29,2022,389
Bad Boy Dazzling Garden Carolina Herrera (male) ~ 2023,https://www.fragrantica.com/perfume/Carolina-Herrera/Bad-Boy-Dazzling-Garden-84050.html,20,47,2023,390
Hinoki Shower BORNTOSTANDOUT® (unisex) ~ 2022,https://www.fragrantica.com/perfume/BORNTOSTANDOUT/Hinoki-Shower-78861.html,7,21,2022,391
Ambery Cedarwood Dossier (unisex) ~ 2022,https://www.fragrantica.com/perfume/Dossier/Ambery-Cedarwood-73739.html,2,11,2022,392
Riviera Verbena Nicolai Parfumeur Createur (unisex) ~ 2022,https://www.fragrantica.com/perfume/Nicolai-Parfumeur-Createur/Riviera-Verbena-74677.html,32,72,2022,393
Essencial Ato Natura (male) ~ 2023,https://www.fragrantica.com/perfume/Natura/Essencial-Ato-81874.html,17,42,2023,394
Zen’gi Unique'e Luxury (unisex) ~ 2023,https://www.fragrantica.com/perfume/Unique-e-Luxury/Zen-gi-86869.html,14,36,2023,395
WO/03 Café Et Cèdre Zara (male) ~ 2023,https://www.fragrantica.com/perfume/Zara/WO-03-Cafe-Et-Cedre-87742.html,23,54,2023,396
19 Degree TUMI (male) ~ 2023,https://www.fragrantica.com/perfume/TUMI/19-Degree-88381.html,25,58,2023,397
Patchouli Mania Essential Parfums (unisex) ~ 2023,https://www.fragrantica.com/perfume/Essential-Parfums/Patchouli-Mania-85144.html,21,50,2023,398
Outcast Blue Extrait de Parfum Ex Nihilo (unisex) ~ 2022,https://www.fragrantica.com/perfume/Ex-Nihilo/Outcast-Blue-Extrait-de-Parfum-75062.html,11,30,2022,399
Shaghaf Oud Tonka Swiss Arabian (unisex) ~ 2023,https://www.fragrantica.com/perfume/Swiss-Arabian/Shaghaf-Oud-Tonka-87744.html,10,28,2023,400
Spell Caramel Zara (male) ~ 2023,https://www.fragrantica.com/perfume/Zara/Spell-Caramel-84077.html,13,34,2023,401
Highlands Botanicae (unisex) ~ 2022,https://www.fragrantica.com/perfume/Botanicae/Highlands-76414.html,7,22,2022,402
Forever Love Pana Dora (unisex) ~ 2023,https://www.fragrantica.com/perfume/Pana-Dora/Forever-Love-81506.html,7,22,2023,403
Click Song Une Nuit Nomade (unisex) ~ 2022,https://www.fragrantica.com/perfume/Une-Nuit-Nomade/Click-Song-70676.html,7,22,2022,404
Change The Flow Iceberg (male) ~ 2022,https://www.fragrantica.com/perfume/Iceberg/Change-The-Flow-78268.html,6,20,2022,405
UOMO Baldessarini (male) ~ 2023,https://www.fragrantica.com/perfume/Baldessarini/UOMO-85061.html,4,16,2023,406
Vétiver Écarlate L'Artisan Parfumeur (unisex) ~ 2022,https://www.fragrantica.com/perfume/L-Artisan-Parfumeur/Vetiver-Ecarlate-73105.html,4,16,2022,407
Ajyal The Spirit of Dubai (unisex) ~ 2023,https://www.fragrantica.com/perfume/The-Spirit-of-Dubai/Ajyal-85152.html,5,18,2023,408
"n,866 Noteworthy (unisex) ~ 2022",https://www.fragrantica.com/perfume/Noteworthy/n-866-76746.html,1,10,2022,409
Viole Nere Meo Fusciuni (unisex) ~ 2023,https://www.fragrantica.com/perfume/Meo-Fusciuni/Viole-Nere-85075.html,16,41,2023,410
La Tacita de Cafe Day Three (unisex) ~ 2023,https://www.fragrantica.com/perfume/Day-Three/La-Tacita-de-Cafe-82918.html,9,27,2023,411
Qaed Al Fursan Unlimited Lattafa Perfumes (unisex) ~ 2022,https://www.fragrantica.com/perfume/Lattafa-Perfumes/Qaed-Al-Fursan-Unlimited-82590.html,10,29,2022,412
Almafolia Giardini Di Toscana (unisex) ~ 2023,https://www.fragrantica.com/perfume/Giardini-Di-Toscana/Almafolia-87933.html,9,27,2023,413
Club 6 Exclusive Eudora (male) ~ 2022,https://www.fragrantica.com/perfume/Eudora/Club-6-Exclusive-77991.html,6,21,2022,414
Apple Nanas Rirana Parfume (unisex) ~ 2023,https://www.fragrantica.com/perfume/Rirana-Parfume/Apple-Nanas-81638.html,4,17,2023,415
Montabaco Cuba Ormonde Jayne (unisex) ~ 2022,https://www.fragrantica.com/perfume/Ormonde-Jayne/Montabaco-Cuba-71826.html,5,19,2022,416
Le Male Pride Edition Jean Paul Gaultier (male) ~ 2022,https://www.fragrantica.com/perfume/Jean-Paul-Gaultier/Le-Male-Pride-Edition-73607.html,18,45,2022,417
Havana Traina Francesco Parfum (male) ~ 2023,https://www.fragrantica.com/perfume/Traina-Francesco-Parfum/Havana-87498.html,2,13,2023,418
Defy Eau de Parfum Calvin Klein (male) ~ 2022,https://www.fragrantica.com/perfume/Calvin-Klein/Defy-Eau-de-Parfum-75683.html,18,46,2022,419
Agneta EIGHT & BOB (unisex) ~ 2022,https://www.fragrantica.com/perfume/EIGHT-BOB/Agneta-76584.html,17,44,2022,420
Caipi d' Argent Condé Parfum (unisex) ~ 2023,https://www.fragrantica.com/perfume/Conde-Parfum/Caipi-d-Argent-79627.html,14,38,2023,421
The Wedding Velvet Santal | 35 Kayali Fragrances (male) ~ 2023,https://www.fragrantica.com/perfume/Kayali-Fragrances/The-Wedding-Velvet-Santal-35-83207.html,15,40,2023,422
Mangonifiscent Unique'e Luxury (unisex) ~ 2023,https://www.fragrantica.com/perfume/Unique-e-Luxury/Mangonifiscent-81916.html,13,36,2023,423
Targhee Forest Rogue Perfumery (unisex) ~ 2023,https://www.fragrantica.com/perfume/Rogue-Perfumery/Targhee-Forest-82083.html,9,28,2023,424
Le Gemme Orom Bvlgari (male) ~ 2022,https://www.fragrantica.com/perfume/Bvlgari/Le-Gemme-Orom-72618.html,16,42,2022,425
Ansaam Silver Lattafa Perfumes (unisex) ~ 2022,https://www.fragrantica.com/perfume/Lattafa-Perfumes/Ansaam-Silver-82788.html,9,28,2022,426
Vanille Bourbon Condé Parfum (unisex) ~ 2022,https://www.fragrantica.com/perfume/Conde-Parfum/Vanille-Bourbon-75325.html,5,20,2022,427
Wild Orange Fragrance Du Bois (unisex) ~ 2023,https://www.fragrantica.com/perfume/Fragrance-Du-Bois/Wild-Orange-85231.html,6,22,2023,428
Fulad Nabeel (unisex) ~ 2023,https://www.fragrantica.com/perfume/Nabeel/Fulad-81485.html,4,18,2023,429
Lacoste L!ive Lacoste Fragrances (male) ~ 2022,https://www.fragrantica.com/perfume/Lacoste-Fragrances/Lacoste-L-ive-72063.html,5,20,2022,430
Magnetic Amber Bentley (unisex) ~ 2023,https://www.fragrantica.com/perfume/Bentley/Magnetic-Amber-82862.html,3,16,2023,431
Bad Boy Gold Fantasy Carolina Herrera (male) ~ 2022,https://www.fragrantica.com/perfume/Carolina-Herrera/Bad-Boy-Gold-Fantasy-76365.html,8,26,2022,432
Bond Street Leather Memoirs Of A Perfume Collector (unisex) ~ 2023,https://www.fragrantica.com/perfume/Memoirs-Of-A-Perfume-Collector/Bond-Street-Leather-87743.html,2,14,2023,433
N.1 Limited Edition Traina Francesco Parfum (unisex) ~ 2023,https://www.fragrantica.com/perfume/Traina-Francesco-Parfum/N-1-Limited-Edition-87491.html,2,14,2023,434
Ritual Spirit Cursed (male) ~ 2023,https://www.fragrantica.com/perfume/Cursed/Ritual-Spirit-88690.html,1,12,2023,435
CR7 Fearless Cristiano Ronaldo (male) ~ 2023,https://www.fragrantica.com/perfume/Cristiano-Ronaldo/CR7-Fearless-83736.html,3,16,2023,436
Sacred Scarab Attar Zoologist Perfumes (unisex) ~ 2023,https://www.fragrantica.com/perfume/Zoologist-Perfumes/Sacred-Scarab-Attar-83210.html,13,37,2023,437
Cèdre Superfluide Les EAUX Primordiales (unisex) ~ 2023,https://www.fragrantica.com/perfume/Les-EAUX-Primordiales/Cedre-Superfluide-88450.html,17,45,2023,438
Christos Giardini Di Toscana (unisex) ~ 2023,https://www.fragrantica.com/perfume/Giardini-Di-Toscana/Christos-81631.html,19,49,2023,439
Mediterranean Cypress Angel Schlesser (unisex) ~ 2022,https://www.fragrantica.com/perfume/Angel-Schlesser/Mediterranean-Cypress-73956.html,11,33,2022,440
Lagerfeld Classic Grey Karl Lagerfeld (male) ~ 2022,https://www.fragrantica.com/perfume/Karl-Lagerfeld/Lagerfeld-Classic-Grey-72953.html,19,49,2022,441
Botica 214 Fiji Paradise O Boticário (male) ~ 2023,https://www.fragrantica.com/perfume/O-Boticario/Botica-214-Fiji-Paradise-84214.html,15,41,2023,442
Pomona Vitalis Electimuss (unisex) ~ 2022,https://www.fragrantica.com/perfume/Electimuss/Pomona-Vitalis-74592.html,12,35,2022,443
Atlas TUMI (male) ~ 2022,https://www.fragrantica.com/perfume/TUMI/Atlas-78106.html,10,31,2022,444
Wild Mint & Lavandin Molton Brown (unisex) ~ 2023,https://www.fragrantica.com/perfume/Molton-Brown/Wild-Mint-Lavandin-85351.html,10,31,2023,445
Damier Les Bains Guerbois (unisex) ~ 2022,https://www.fragrantica.com/perfume/Les-Bains-Guerbois/Damier-73095.html,9,29,2022,446
ARC Mallo (unisex) ~ 2023,https://www.fragrantica.com/perfume/Mallo/ARC-87566.html,7,25,2023,447
Ámbar Dominicano Day Three (unisex) ~ 2023,https://www.fragrantica.com/perfume/Day-Three/Ambar-Dominicano-82919.html,7,25,2023,448
Fior di Pane Profumo di Firenze (unisex) ~ 2023,https://www.fragrantica.com/perfume/Profumo-di-Firenze/Fior-di-Pane-80092.html,9,29,2023,449
Mystery For Him Mith (unisex) ~ 2023,https://www.fragrantica.com/perfume/Mith/Mystery-For-Him-88287.html,6,23,2023,450
Ambrosia Imperiale Navitus Parfums (unisex) ~ 2023,https://www.fragrantica.com/perfume/Navitus-Parfums/Ambrosia-Imperiale-81976.html,4,19,2023,451
Gardez Mind Games (unisex) ~ 2022,https://www.fragrantica.com/perfume/Mind-Games/Gardez-76711.html,4,19,2022,452
Citizen Jack Parfum Michael Malul London (male) ~ 2022,https://www.fragrantica.com/perfume/Michael-Malul-London/Citizen-Jack-Parfum-87687.html,3,17,2022,453
Tiba Nilafar du Nil (unisex) ~ 2022,https://www.fragrantica.com/perfume/Nilafar-du-Nil/Tiba-75023.html,3,17,2022,454
Nomad Profumo - Miami The Dua Brand (unisex) ~ 2022,https://www.fragrantica.com/perfume/The-Dua-Brand/Nomad-Profumo-Miami-80873.html,1,13,2022,455
Leatherize DS&Durga (unisex) ~ 2022,https://www.fragrantica.com/perfume/DS-Durga/Leatherize-76147.html,20,52,2022,456
Infusion Velours Eau de Parfum Ojar (unisex) ~ 2022,https://www.fragrantica.com/perfume/Ojar/Infusion-Velours-Eau-de-Parfum-77830.html,12,36,2022,457
Homem Neo Natura (male) ~ 2022,https://www.fragrantica.com/perfume/Natura/Homem-Neo-75016.html,14,40,2022,458
Des Cendres Les Abstraits (unisex) ~ 2023,https://www.fragrantica.com/perfume/Les-Abstraits/Des-Cendres-79118.html,20,52,2023,459
James Atkinsons (male) ~ 2022,https://www.fragrantica.com/perfume/Atkinsons/James-76891.html,11,34,2022,460
Sogni Meo Fusciuni (unisex) ~ 2023,https://www.fragrantica.com/perfume/Meo-Fusciuni/Sogni-80086.html,11,34,2023,461
Harrods Ruby Naga Stéphane Humbert Lucas 777 (unisex) ~ 2022,https://www.fragrantica.com/perfume/Stephane-Humbert-Lucas-777/Harrods-Ruby-Naga-74594.html,8,28,2022,462
Ouranon Aesop (unisex) ~ 2023,https://www.fragrantica.com/perfume/Aesop/Ouranon-84977.html,8,28,2023,463
Blue Spirit Zara (male) ~ 2022,https://www.fragrantica.com/perfume/Zara/Blue-Spirit-72327.html,9,30,2022,464
TOB/01 Tabac & Jazz Zara (male) ~ 2023,https://www.fragrantica.com/perfume/Zara/TOB-01-Tabac-Jazz-87737.html,6,24,2023,465
Ombre Nomade Marcoccia (unisex) ~ 2023,https://www.fragrantica.com/perfume/Marcoccia/Ombre-Nomade-80994.html,4,20,2023,466
Blue Laverne Bakhur Laverne (unisex) ~ 2023,https://www.fragrantica.com/perfume/Laverne/Blue-Laverne-Bakhur-80315.html,1,14,2023,467
Aura Fresh Armaf (unisex) ~ 2023,https://www.fragrantica.com/perfume/Armaf/Aura-Fresh-84603.html,2,16,2023,468
WO/01 Somewoody Zara (male) ~ 2023,https://www.fragrantica.com/perfume/Zara/WO-01-Somewoody-87740.html,20,53,2023,469
Krissana (กฤษณา) Prin (unisex) ~ 2023,https://www.fragrantica.com/perfume/Prin/Krissana-kvs-a-84752.html,11,35,2023,470
Élégant Moudon (unisex) ~ 2022,https://www.fragrantica.com/perfume/Moudon/Elegant-85968.html,7,27,2022,471
Kyma Korres (unisex) ~ 2022,https://www.fragrantica.com/perfume/Korres/Kyma-75509.html,9,31,2022,472
Whiskey Reserve Bath & Body Works (male) ~ 2022,https://www.fragrantica.com/perfume/Bath-Body-Works/Whiskey-Reserve-76785.html,13,39,2022,473
Manhattan Nightcap Bath & Body Works (male) ~ 2023,https://www.fragrantica.com/perfume/Bath-Body-Works/Manhattan-Nightcap-88038.html,7,27,2023,474
Zaad Expedition O Boticário (male) ~ 2022,https://www.fragrantica.com/perfume/O-Boticario/Zaad-Expedition-76828.html,10,33,2022,475
Polo Earth Antilles Vetiver Ralph Lauren (unisex) ~ 2023,https://www.fragrantica.com/perfume/Ralph-Lauren/Polo-Earth-Antilles-Vetiver-83220.html,7,27,2023,476
Del Mar Day Three (unisex) ~ 2023,https://www.fragrantica.com/perfume/Day-Three/Del-Mar-82921.html,5,23,2023,477
Griffin Mendes Perfumes (male) ~ 2022,https://www.fragrantica.com/perfume/Mendes-Perfumes/Griffin-73138.html,4,21,2022,478
Al Areeq Gold Lattafa Perfumes (unisex) ~ 2022,https://www.fragrantica.com/perfume/Lattafa-Perfumes/Al-Areeq-Gold-82810.html,9,31,2022,479
Hugo Jeans Man Hugo Boss (male) ~ 2022,https://www.fragrantica.com/perfume/Hugo-Boss/Hugo-Jeans-Man-78426.html,11,35,2022,480
Sheikh Shuyukh Final Edition Lattafa Perfumes (male) ~ 2022,https://www.fragrantica.com/perfume/Lattafa-Perfumes/Sheikh-Shuyukh-Final-Edition-78548.html,8,29,2022,481
Doza Narcotica (unisex) ~ 2022,https://www.fragrantica.com/perfume/Narcotica/Doza-77902.html,29,72,2022,482
Cravache Eau de Parfum Robert Piguet (male) ~ 2022,https://www.fragrantica.com/perfume/Robert-Piguet/Cravache-Eau-de-Parfum-78950.html,12,38,2022,483
Santal Headspace Headspace (unisex) ~ 2022,https://www.fragrantica.com/perfume/Headspace/Santal-Headspace-74943.html,9,32,2022,484
4711 Acqua Colonia Pomelo & Sea Salt 4711 (unisex) ~ 2022,https://www.fragrantica.com/perfume/4711/4711-Acqua-Colonia-Pomelo-Sea-Salt-73647.html,11,36,2022,485
Symposium Theodoros Kalotinis (unisex) ~ 2022,https://www.fragrantica.com/perfume/Theodoros-Kalotinis/Symposium-78289.html,14,42,2022,486
Humor Estelar Natura (unisex) ~ 2022,https://www.fragrantica.com/perfume/Natura/Humor-Estelar-77439.html,11,36,2022,487
Dioriviera Dior (unisex) ~ 2023,https://www.fragrantica.com/perfume/Dior/Dioriviera-81847.html,37,88,2023,488
Insidious Insider Parfums (male) ~ 2023,https://www.fragrantica.com/perfume/Insider-Parfums/Insidious-87467.html,9,32,2023,489
Yuzu Olibanum. (unisex) ~ 2022,https://www.fragrantica.com/perfume/Olibanum/Yuzu-74707.html,10,34,2022,490
TOB/02 Tobacco Tango Zara (male) ~ 2023,https://www.fragrantica.com/perfume/Zara/TOB-02-Tobacco-Tango-87738.html,12,38,2023,491
Vanilla Tea Rirana Parfume (unisex) ~ 2022,https://www.fragrantica.com/perfume/Rirana-Parfume/Vanilla-Tea-74105.html,11,36,2022,492
Charming Cherry Aromas de Salazar (unisex) ~ 2022,https://www.fragrantica.com/perfume/Aromas-de-Salazar/Charming-Cherry-74505.html,5,24,2022,493
Godred Scents of Man (unisex) ~ 2022,https://www.fragrantica.com/perfume/Scents-of-Man/Godred-78722.html,6,26,2022,494
Nuevalos nBitor (unisex) ~ 2023,https://www.fragrantica.com/perfume/nBitor/Nuevalos-80718.html,5,24,2023,495
Royal Amber Oud Pour Homme Armaf (male) ~ 2022,https://www.fragrantica.com/perfume/Armaf/Royal-Amber-Oud-Pour-Homme-77866.html,11,36,2022,496
Legend Red Montblanc (male) ~ 2022,https://www.fragrantica.com/perfume/Montblanc/Legend-Red-71652.html,16,46,2022,497
Iris Coriandre La Closerie des Parfums (unisex) ~ 2022,https://www.fragrantica.com/perfume/La-Closerie-des-Parfums/Iris-Coriandre-74209.html,4,22,2022,498
Mendes Man Mendes Perfumes (male) ~ 2022,https://www.fragrantica.com/perfume/Mendes-Perfumes/Mendes-Man-73142.html,4,22,2022,499
Cherry Syrup Green Proad (unisex) ~ 2023,https://www.fragrantica.com/perfume/Proad/Cherry-Syrup-Green-88291.html,2,18,2023,500
OLD STORY YAFOOOH Perfumes (unisex) ~ 2022,https://www.fragrantica.com/perfume/YAFOOOH-Perfumes/OLD-STORY-84096.html,2,18,2022,501
Smoked Old Fashioned Bath & Body Works (male) ~ 2022,https://www.fragrantica.com/perfume/Bath-Body-Works/Smoked-Old-Fashioned-76784.html,5,24,2022,502
Caleidoscopio Santiago David Parfums (unisex) ~ 2023,https://www.fragrantica.com/perfume/Santiago-David-Parfums/Caleidoscopio-84969.html,2,18,2023,503
Verveine Agrumes 2022 L'Occitane en Provence (unisex) ~ 2022,https://www.fragrantica.com/perfume/L-Occitane-en-Provence/Verveine-Agrumes-2022-73136.html,3,20,2022,504
Venom Richard (unisex) ~ 2022,https://www.fragrantica.com/perfume/Richard/Venom-72263.html,1,16,2022,505
Desert Oud Sanchez (unisex) ~ 2023,https://www.fragrantica.com/perfume/Sanchez/Desert-Oud-84469.html,1,16,2023,506
Velvet Blue Musk Dolce&Gabbana (unisex) ~ 2023,https://www.fragrantica.com/perfume/Dolce-Gabbana/Velvet-Blue-Musk-85511.html,24,63,2023,507
Mahogany Teakwood Bath & Body Works (male) ~ 2023,https://www.fragrantica.com/perfume/Bath-Body-Works/Mahogany-Teakwood-81258.html,23,61,2023,508
Zafar Omanluxury (unisex) ~ 2022,https://www.fragrantica.com/perfume/Omanluxury/Zafar-77102.html,17,49,2022,509
Smokin' Gun BORNTOSTANDOUT® (unisex) ~ 2022,https://www.fragrantica.com/perfume/BORNTOSTANDOUT/Smokin-Gun-78859.html,10,35,2022,510
Maghateer Nabeel (unisex) ~ 2022,https://www.fragrantica.com/perfume/Nabeel/Maghateer-77554.html,13,41,2022,511
Checkmate Mind Games (unisex) ~ 2022,https://www.fragrantica.com/perfume/Mind-Games/Checkmate-76719.html,6,27,2022,512
C’est.Rebelle Anthologie by Lucien Ferrero Maitre Parfumeur (unisex) ~ 2023,https://www.fragrantica.com/perfume/Anthologie-by-Lucien-Ferrero-Maitre-Parfumeur/C-est-Rebelle-80499.html,4,23,2023,513
Tahiti Maison de Amalric (unisex) ~ 2022,https://www.fragrantica.com/perfume/Maison-de-Amalric/Tahiti-75256.html,5,25,2022,514
Cullinan Maison de Amalric (unisex) ~ 2022,https://www.fragrantica.com/perfume/Maison-de-Amalric/Cullinan-75255.html,5,25,2022,515
Heritage 2571 Caswell Massey (unisex) ~ 2023,https://www.fragrantica.com/perfume/Caswell-Massey/Heritage-2571-84031.html,4,23,2023,516
Suede Pear Tamburins (unisex) ~ 2022,https://www.fragrantica.com/perfume/Tamburins/Suede-Pear-78956.html,4,23,2022,517
Sexy Sweet Jean Marc Paris (unisex) ~ 2023,https://www.fragrantica.com/perfume/Jean-Marc-Paris/Sexy-Sweet-88382.html,2,19,2023,518
Authentic Moment Man Abercrombie & Fitch (male) ~ 2022,https://www.fragrantica.com/perfume/Abercrombie-Fitch/Authentic-Moment-Man-79927.html,2,19,2022,519
Thursday - No Valentines But Flowers Zara (unisex) ~ 2023,https://www.fragrantica.com/perfume/Zara/Thursday-No-Valentines-But-Flowers-83876.html,1,17,2023,520
Rule of 72 27 87 (unisex) ~ 2023,https://www.fragrantica.com/perfume/27-87/Rule-of-72-80361.html,9,34,2023,521
Divine Tentation Reine de Saba (unisex) ~ 2023,https://www.fragrantica.com/perfume/Reine-de-Saba/Divine-Tentation-81866.html,8,32,2023,522
Épices Miskeo Parfums (unisex) ~ 2022,https://www.fragrantica.com/perfume/Miskeo-Parfums/Epices-74938.html,7,30,2022,523
Pool Boy Clandestine Laboratories (unisex) ~ 2022,https://www.fragrantica.com/perfume/Clandestine-Laboratories/Pool-Boy-80318.html,5,26,2022,524
Magnum Opus Legend's Avenue (male) ~ 2022,https://www.fragrantica.com/perfume/Legend-s-Avenue/Magnum-Opus-83961.html,3,22,2022,525
Constantine Maison de Amalric (unisex) ~ 2022,https://www.fragrantica.com/perfume/Maison-de-Amalric/Constantine-75257.html,5,26,2022,526
Water Therapy The Nue Co. (unisex) ~ 2022,https://www.fragrantica.com/perfume/The-Nue-Co/Water-Therapy-81915.html,4,24,2022,527
Riviera Mendes Perfumes (male) ~ 2023,https://www.fragrantica.com/perfume/Mendes-Perfumes/Riviera-81658.html,3,22,2023,528
Golden Sparkles Mith (unisex) ~ 2023,https://www.fragrantica.com/perfume/Mith/Golden-Sparkles-88284.html,2,20,2023,529
I AM HERE YAFOOOH Perfumes (unisex) ~ 2022,https://www.fragrantica.com/perfume/YAFOOOH-Perfumes/I-AM-HERE-84098.html,2,20,2022,530
55°c YAFOOOH Perfumes (unisex) ~ 2022,https://www.fragrantica.com/perfume/YAFOOOH-Perfumes/550c-84099.html,1,18,2022,531
Maroon Intense Emirates Pride Perfumes (unisex) ~ 2022,https://www.fragrantica.com/perfume/Emirates-Pride-Perfumes/Maroon-Intense-77608.html,3,22,2022,532
Bugatti Dynamic Move Amber Bugatti Fashion (male) ~ 2023,https://www.fragrantica.com/perfume/Bugatti-Fashion/Bugatti-Dynamic-Move-Amber-81843.html,3,22,2023,533
Miel Extase Navitus Parfums (unisex) ~ 2023,https://www.fragrantica.com/perfume/Navitus-Parfums/Miel-Extase-84405.html,3,22,2023,534
Leather Forever Royal Arabian Edition De Gabor (unisex) ~ 2022,https://www.fragrantica.com/perfume/De-Gabor/Leather-Forever-Royal-Arabian-Edition-74855.html,8,33,2022,535
Le Mans Classic Speed Legends Ex Nihilo (male) ~ 2022,https://www.fragrantica.com/perfume/Ex-Nihilo/Le-Mans-Classic-Speed-Legends-75060.html,8,33,2022,536
Phantom Legion Paco Rabanne (male) ~ 2022,https://www.fragrantica.com/perfume/Paco-Rabanne/Phantom-Legion-71654.html,46,109,2022,537
Velur Miraj (male) ~ 2022,https://www.fragrantica.com/perfume/Miraj/Velur-76778.html,3,23,2022,538
La Douleur Exquise Les Abstraits (unisex) ~ 2022,https://www.fragrantica.com/perfume/Les-Abstraits/La-Douleur-Exquise-75541.html,5,27,2022,539
Oryx Oud Oryx (unisex) ~ 2022,https://www.fragrantica.com/perfume/Oryx/Oryx-Oud-74363.html,5,27,2022,540
Amygdala Mendittorosa (unisex) ~ 2022,https://www.fragrantica.com/perfume/Mendittorosa/Amygdala-74808.html,5,27,2022,541
Adidas UEFA Champions League Adidas (male) ~ 2023,https://www.fragrantica.com/perfume/Adidas/Adidas-UEFA-Champions-League-82894.html,10,37,2023,542
Endless Sea Superz. (male) ~ 2022,https://www.fragrantica.com/perfume/Superz/Endless-Sea-79420.html,5,28,2022,543
Rose Of Male Planet Mith (male) ~ 2022,https://www.fragrantica.com/perfume/Mith/Rose-Of-Male-Planet-74176.html,1,20,2022,544
A Day at the Barbers Aromas de Salazar (unisex) ~ 2023,https://www.fragrantica.com/perfume/Aromas-de-Salazar/A-Day-at-the-Barbers-79964.html,15,49,2023,545
